id,Yield
15000,15
15001,11
15002,9
15003,10
15004,12
15005,14
15006,9
15007,12
15008,11
15009,10
15010,11
15011,10
15012,10
15013,10
15014,8
15015,10
15016,10
15017,7
15018,11
15019,11
15020,11
15021,9
15022,15
15023,11
15024,12
15025,6
15026,11
15027,10
15028,13
15029,9
15030,13
15031,7
15032,11
15033,9
15034,9
15035,7
15036,10
15037,10
15038,10
15039,15
15040,7
15041,12
15042,11
15043,8
15044,10
15045,12
15046,8
15047,9
15048,11
15049,12
15050,12
15051,13
15052,12
15053,9
15054,12
15055,6
15056,5
15057,10
15058,9
15059,11
15060,7
15061,5
15062,11
15063,7
15064,11
15065,9
15066,9
15067,10
15068,11
15069,10
15070,7
15071,11
15072,11
15073,10
15074,15
15075,6
15076,10
15077,11
15078,9
15079,6
15080,14
15081,9
15082,10
15083,14
15084,15
15085,11
15086,9
15087,10
15088,9
15089,10
15090,11
15091,10
15092,10
15093,8
15094,10
15095,10
15096,5
15097,10
15098,11
15099,17
15100,11
15101,10
15102,10
15103,8
15104,7
15105,5
15106,5
15107,10
15108,7
15109,15
15110,11
15111,8
15112,11
15113,11
15114,9
15115,9
15116,8
15117,7
15118,11
15119,10
15120,10
15121,6
15122,10
15123,11
15124,5
15125,9
15126,7
15127,10
15128,12
15129,7
15130,9
15131,9
15132,7
15133,12
15134,7
15135,7
15136,7
15137,13
15138,10
15139,12
15140,7
15141,8
15142,14
15143,11
15144,12
15145,11
15146,11
15147,7
15148,12
15149,16
15150,10
15151,13
15152,11
15153,11
15154,10
15155,13
15156,11
15157,9
15158,11
15159,11
15160,12
15161,9
15162,12
15163,10
15164,6
15165,10
15166,11
15167,11
15168,11
15169,14
15170,12
15171,10
15172,11
15173,13
15174,12
15175,11
15176,12
15177,13
15178,10
15179,7
15180,11
15181,15
15182,9
15183,15
15184,6
15185,7
15186,7
15187,14
15188,10
15189,11
15190,10
15191,13
15192,12
15193,8
15194,6
15195,14
15196,8
15197,10
15198,6
15199,8
15200,10
15201,7
15202,6
15203,18
15204,11
15205,12
15206,10
15207,12
15208,11
15209,8
15210,9
15211,13
15212,13
15213,15
15214,14
15215,17
15216,12
15217,11
15218,10
15219,8
15220,8
15221,9
15222,11
15223,12
15224,6
15225,9
15226,15
15227,12
15228,12
15229,11
15230,7
15231,12
15232,8
15233,15
15234,15
15235,11
15236,12
15237,11
15238,12
15239,11
15240,7
15241,5
15242,10
15243,6
15244,7
15245,11
15246,9
15247,13
15248,9
15249,14
15250,10
15251,15
15252,11
15253,12
15254,8
15255,16
15256,13
15257,11
15258,11
15259,9
15260,8
15261,11
15262,9
15263,12
15264,9
15265,10
15266,7
15267,9
15268,7
15269,10
15270,12
15271,7
15272,16
15273,11
15274,11
15275,13
15276,11
15277,14
15278,6
15279,6
15280,9
15281,10
15282,11
15283,10
15284,10
15285,11
15286,16
15287,10
15288,9
15289,10
15290,11
15291,8
15292,11
15293,11
15294,10
15295,11
15296,11
15297,5
15298,9
15299,9
15300,10
15301,8
15302,9
15303,14
15304,15
15305,11
15306,10
15307,7
15308,13
15309,10
15310,11
15311,11
15312,18
15313,11
15314,12
15315,7
15316,9
15317,12
15318,8
15319,16
15320,6
15321,9
15322,13
15323,16
15324,7
15325,7
15326,11
15327,7
15328,10
15329,7
15330,14
15331,8
15332,8
15333,11
15334,14
15335,13
15336,4
15337,8
15338,12
15339,10
15340,12
15341,13
15342,10
15343,11
15344,13
15345,7
15346,9
15347,7
15348,11
15349,6
15350,9
15351,7
15352,11
15353,13
15354,9
15355,11
15356,6
15357,8
15358,11
15359,6
15360,10
15361,13
15362,13
15363,10
15364,9
15365,6
15366,10
15367,7
15368,14
15369,4
15370,5
15371,13
15372,12
15373,11
15374,10
15375,8
15376,10
15377,6
15378,10
15379,10
15380,12
15381,5
15382,7
15383,9
15384,12
15385,13
15386,18
15387,15
15388,8
15389,11
15390,10
15391,6
15392,10
15393,11
15394,11
15395,8
15396,10
15397,15
15398,9
15399,7
15400,10
15401,11
15402,6
15403,12
15404,14
15405,9
15406,5
15407,9
15408,13
15409,9
15410,11
15411,10
15412,9
15413,8
15414,11
15415,12
15416,11
15417,9
15418,10
15419,8
15420,9
15421,11
15422,10
15423,12
15424,14
15425,10
15426,10
15427,10
15428,8
15429,10
15430,8
15431,7
15432,13
15433,13
15434,10
15435,10
15436,10
15437,11
15438,12
15439,9
15440,17
15441,9
15442,9
15443,11
15444,10
15445,6
15446,7
15447,8
15448,16
15449,9
15450,6
15451,13
15452,12
15453,10
15454,7
15455,14
15456,12
15457,10
15458,10
15459,12
15460,12
15461,10
15462,12
15463,8
15464,16
15465,11
15466,13
15467,11
15468,10
15469,9
15470,6
15471,12
15472,11
15473,12
15474,10
15475,14
15476,11
15477,14
15478,9
15479,17
15480,11
15481,8
15482,10
15483,7
15484,6
15485,13
15486,9
15487,11
15488,8
15489,7
15490,10
15491,11
15492,16
15493,11
15494,10
15495,6
15496,10
15497,11
15498,10
15499,4
15500,17
15501,12
15502,11
15503,7
15504,5
15505,12
15506,16
15507,15
15508,6
15509,7
15510,11
15511,5
15512,10
15513,14
15514,9
15515,14
15516,9
15517,8
15518,9
15519,12
15520,7
15521,11
15522,9
15523,12
15524,8
15525,6
15526,9
15527,11
15528,7
15529,8
15530,7
15531,12
15532,7
15533,9
15534,8
15535,10
15536,19
15537,9
15538,10
15539,13
15540,10
15541,7
15542,7
15543,10
15544,9
15545,7
15546,8
15547,11
15548,11
15549,11
15550,8
15551,6
15552,11
15553,10
15554,10
15555,8
15556,14
15557,13
15558,8
15559,9
15560,9
15561,9
15562,6
15563,14
15564,10
15565,12
15566,10
15567,8
15568,9
15569,15
15570,9
15571,15
15572,5
15573,7
15574,11
15575,9
15576,10
15577,12
15578,5
15579,8
15580,8
15581,10
15582,11
15583,8
15584,17
15585,7
15586,10
15587,14
15588,14
15589,10
15590,7
15591,7
15592,11
15593,16
15594,8
15595,10
15596,10
15597,18
15598,10
15599,8
15600,10
15601,16
15602,11
15603,11
15604,12
15605,8
15606,12
15607,10
15608,7
15609,10
15610,13
15611,6
15612,8
15613,14
15614,20
15615,11
15616,11
15617,6
15618,7
15619,9
15620,10
15621,6
15622,9
15623,10
15624,7
15625,10
15626,8
15627,8
15628,8
15629,9
15630,13
15631,8
15632,10
15633,12
15634,7
15635,12
15636,11
15637,11
15638,16
15639,11
15640,7
15641,6
15642,10
15643,16
15644,7
15645,13
15646,9
15647,9
15648,13
15649,5
15650,10
15651,7
15652,9
15653,10
15654,9
15655,15
15656,10
15657,13
15658,7
15659,9
15660,12
15661,11
15662,11
15663,10
15664,14
15665,8
15666,11
15667,17
15668,9
15669,8
15670,10
15671,9
15672,10
15673,7
15674,10
15675,4
15676,7
15677,7
15678,12
15679,11
15680,11
15681,7
15682,10
15683,10
15684,9
15685,8
15686,7
15687,8
15688,8
15689,12
15690,13
15691,15
15692,11
15693,8
15694,10
15695,7
15696,11
15697,7
15698,6
15699,9
15700,10
15701,7
15702,15
15703,15
15704,13
15705,10
15706,8
15707,9
15708,9
15709,9
15710,10
15711,9
15712,10
15713,11
15714,12
15715,11
15716,7
15717,10
15718,10
15719,16
15720,12
15721,10
15722,11
15723,13
15724,4
15725,9
15726,11
15727,12
15728,6
15729,12
15730,10
15731,9
15732,12
15733,10
15734,18
15735,13
15736,14
15737,10
15738,6
15739,11
15740,8
15741,17
15742,6
15743,14
15744,9
15745,11
15746,11
15747,10
15748,10
15749,9
15750,12
15751,7
15752,12
15753,14
15754,9
15755,10
15756,14
15757,7
15758,14
15759,10
15760,12
15761,16
15762,8
15763,7
15764,11
15765,11
15766,10
15767,8
15768,9
15769,9
15770,10
15771,10
15772,9
15773,13
15774,6
15775,10
15776,8
15777,7
15778,11
15779,10
15780,9
15781,11
15782,7
15783,14
15784,7
15785,12
15786,10
15787,10
15788,7
15789,11
15790,9
15791,10
15792,11
15793,7
15794,10
15795,7
15796,12
15797,6
15798,10
15799,10
15800,4
15801,12
15802,4
15803,10
15804,8
15805,12
15806,9
15807,7
15808,11
15809,8
15810,10
15811,11
15812,13
15813,11
15814,8
15815,12
15816,10
15817,10
15818,8
15819,7
15820,10
15821,8
15822,10
15823,4
15824,11
15825,11
15826,9
15827,11
15828,11
15829,9
15830,11
15831,15
15832,9
15833,12
15834,13
15835,7
15836,9
15837,8
15838,11
15839,13
15840,8
15841,11
15842,11
15843,10
15844,9
15845,9
15846,8
15847,7
15848,6
15849,7
15850,9
15851,7
15852,5
15853,10
15854,5
15855,9
15856,16
15857,11
15858,11
15859,10
15860,10
15861,13
15862,12
15863,8
15864,13
15865,8
15866,9
15867,7
15868,9
15869,11
15870,8
15871,12
15872,8
15873,8
15874,10
15875,12
15876,6
15877,14
15878,7
15879,9
15880,8
15881,6
15882,10
15883,10
15884,7
15885,6
15886,13
15887,9
15888,10
15889,8
15890,6
15891,10
15892,11
15893,14
15894,9
15895,4
15896,15
15897,12
15898,11
15899,10
15900,11
15901,13
15902,9
15903,11
15904,10
15905,9
15906,17
15907,11
15908,8
15909,13
15910,15
15911,12
15912,5
15913,10
15914,11
15915,8
15916,7
15917,16
15918,10
15919,13
15920,11
15921,9
15922,13
15923,11
15924,9
15925,9
15926,11
15927,14
15928,11
15929,6
15930,7
15931,10
15932,9
15933,13
15934,11
15935,10
15936,10
15937,12
15938,10
15939,8
15940,11
15941,11
15942,10
15943,13
15944,11
15945,12
15946,11
15947,12
15948,6
15949,7
15950,8
15951,12
15952,7
15953,9
15954,10
15955,10
15956,9
15957,6
15958,20
15959,10
15960,7
15961,9
15962,7
15963,10
15964,11
15965,12
15966,10
15967,16
15968,6
15969,11
15970,10
15971,10
15972,11
15973,14
15974,10
15975,12
15976,4
15977,10
15978,11
15979,11
15980,11
15981,9
15982,9
15983,11
15984,11
15985,7
15986,7
15987,9
15988,10
15989,8
15990,8
15991,9
15992,10
15993,7
15994,10
15995,8
15996,7
15997,7
15998,15
15999,9
16000,10
16001,6
16002,9
16003,11
16004,17
16005,11
16006,10
16007,10
16008,10
16009,10
16010,6
16011,13
16012,7
16013,13
16014,11
16015,7
16016,10
16017,13
16018,11
16019,12
16020,7
16021,10
16022,9
16023,9
16024,8
16025,12
16026,11
16027,7
16028,12
16029,11
16030,10
16031,16
16032,10
16033,6
16034,13
16035,5
16036,7
16037,10
16038,12
16039,11
16040,12
16041,11
16042,5
16043,11
16044,11
16045,11
16046,12
16047,7
16048,9
16049,10
16050,9
16051,12
16052,16
16053,11
16054,10
16055,7
16056,9
16057,10
16058,11
16059,9
16060,11
16061,13
16062,6
16063,10
16064,9
16065,14
16066,13
16067,11
16068,10
16069,11
16070,9
16071,9
16072,9
16073,11
16074,14
16075,7
16076,11
16077,12
16078,13
16079,13
16080,16
16081,8
16082,9
16083,7
16084,10
16085,9
16086,13
16087,10
16088,9
16089,9
16090,9
16091,11
16092,10
16093,10
16094,11
16095,8
16096,15
16097,12
16098,10
16099,6
16100,10
16101,10
16102,8
16103,8
16104,11
16105,6
16106,7
16107,8
16108,7
16109,9
16110,14
16111,9
16112,10
16113,8
16114,12
16115,13
16116,9
16117,10
16118,8
16119,12
16120,13
16121,11
16122,9
16123,9
16124,10
16125,16
16126,14
16127,10
16128,12
16129,11
16130,15
16131,8
16132,7
16133,10
16134,9
16135,10
16136,9
16137,16
16138,10
16139,5
16140,9
16141,12
16142,12
16143,7
16144,10
16145,12
16146,9
16147,5
16148,8
16149,12
16150,10
16151,10
16152,16
16153,13
16154,11
16155,13
16156,7
16157,10
16158,5
16159,7
16160,10
16161,16
16162,18
16163,15
16164,14
16165,10
16166,10
16167,10
16168,10
16169,8
16170,5
16171,9
16172,7
16173,11
16174,5
16175,6
16176,7
16177,10
16178,12
16179,10
16180,11
16181,6
16182,10
16183,10
16184,8
16185,8
16186,7
16187,8
16188,11
16189,5
16190,15
16191,11
16192,8
16193,11
16194,6
16195,11
16196,12
16197,11
16198,12
16199,8
16200,9
16201,10
16202,10
16203,14
16204,7
16205,12
16206,8
16207,12
16208,12
16209,11
16210,8
16211,9
16212,9
16213,9
16214,9
16215,11
16216,10
16217,10
16218,7
16219,11
16220,9
16221,12
16222,11
16223,12
16224,11
16225,13
16226,7
16227,11
16228,12
16229,6
16230,12
16231,9
16232,16
16233,7
16234,9
16235,11
16236,9
16237,11
16238,9
16239,10
16240,9
16241,10
16242,15
16243,8
16244,5
16245,13
16246,11
16247,11
16248,8
16249,11
16250,9
16251,11
16252,5
16253,10
16254,19
16255,6
16256,11
16257,9
16258,7
16259,11
16260,7
16261,9
16262,12
16263,10
16264,10
16265,6
16266,10
16267,9
16268,9
16269,12
16270,9
16271,9
16272,11
16273,10
16274,10
16275,8
16276,7
16277,11
16278,5
16279,11
16280,14
16281,9
16282,10
16283,12
16284,7
16285,11
16286,9
16287,9
16288,10
16289,9
16290,10
16291,9
16292,9
16293,12
16294,10
16295,4
16296,8
16297,9
16298,9
16299,11
16300,10
16301,10
16302,7
16303,9
16304,11
16305,11
16306,9
16307,11
16308,9
16309,10
16310,9
16311,11
16312,10
16313,9
16314,8
16315,17
16316,7
16317,19
16318,12
16319,6
16320,9
16321,11
16322,10
16323,7
16324,10
16325,9
16326,8
16327,9
16328,10
16329,12
16330,12
16331,11
16332,15
16333,12
16334,8
16335,7
16336,7
16337,12
16338,8
16339,12
16340,14
16341,9
16342,10
16343,11
16344,11
16345,15
16346,12
16347,8
16348,7
16349,9
16350,13
16351,9
16352,9
16353,6
16354,9
16355,7
16356,6
16357,7
16358,17
16359,12
16360,5
16361,9
16362,11
16363,6
16364,10
16365,9
16366,9
16367,9
16368,9
16369,11
16370,9
16371,11
16372,14
16373,12
16374,9
16375,10
16376,10
16377,9
16378,11
16379,7
16380,11
16381,9
16382,11
16383,11
16384,9
16385,9
16386,7
16387,5
16388,9
16389,7
16390,8
16391,6
16392,7
16393,14
16394,11
16395,9
16396,16
16397,11
16398,9
16399,9
16400,9
16401,7
16402,5
16403,10
16404,10
16405,10
16406,11
16407,10
16408,11
16409,14
16410,9
16411,10
16412,10
16413,7
16414,9
16415,13
16416,11
16417,12
16418,12
16419,7
16420,8
16421,5
16422,11
16423,10
16424,9
16425,10
16426,11
16427,8
16428,11
16429,10
16430,12
16431,11
16432,10
16433,8
16434,8
16435,9
16436,7
16437,5
16438,8
16439,14
16440,10
16441,12
16442,11
16443,13
16444,15
16445,10
16446,8
16447,6
16448,9
16449,11
16450,12
16451,7
16452,13
16453,10
16454,8
16455,10
16456,10
16457,8
16458,7
16459,11
16460,6
16461,11
16462,10
16463,7
16464,11
16465,12
16466,9
16467,10
16468,10
16469,7
16470,9
16471,19
16472,10
16473,8
16474,11
16475,10
16476,7
16477,5
16478,14
16479,13
16480,8
16481,6
16482,11
16483,10
16484,10
16485,9
16486,12
16487,11
16488,11
16489,13
16490,15
16491,10
16492,12
16493,12
16494,8
16495,6
16496,8
16497,7
16498,7
16499,7
16500,12
16501,22
16502,11
16503,8
16504,11
16505,10
16506,7
16507,8
16508,4
16509,11
16510,10
16511,13
16512,12
16513,10
16514,12
16515,10
16516,11
16517,9
16518,9
16519,11
16520,8
16521,9
16522,8
16523,14
16524,11
16525,18
16526,8
16527,10
16528,9
16529,10
16530,12
16531,9
16532,10
16533,11
16534,7
16535,10
16536,9
16537,8
16538,8
16539,12
16540,10
16541,13
16542,7
16543,11
16544,10
16545,11
16546,9
16547,8
16548,10
16549,10
16550,11
16551,10
16552,10
16553,11
16554,10
16555,9
16556,10
16557,9
16558,6
16559,10
16560,9
16561,8
16562,15
16563,11
16564,17
16565,10
16566,8
16567,12
16568,9
16569,10
16570,7
16571,5
16572,8
16573,10
16574,11
16575,7
16576,10
16577,13
16578,10
16579,11
16580,6
16581,7
16582,10
16583,7
16584,7
16585,9
16586,7
16587,9
16588,7
16589,12
16590,6
16591,14
16592,5
16593,10
16594,9
16595,13
16596,10
16597,7
16598,11
16599,15
16600,12
16601,10
16602,9
16603,12
16604,16
16605,19
16606,9
16607,11
16608,8
16609,7
16610,15
16611,14
16612,11
16613,10
16614,6
16615,10
16616,10
16617,12
16618,8
16619,10
16620,10
16621,11
16622,10
16623,10
16624,10
16625,11
16626,8
16627,16
16628,16
16629,11
16630,12
16631,7
16632,8
16633,12
16634,8
16635,6
16636,8
16637,11
16638,11
16639,16
16640,9
16641,8
16642,16
16643,7
16644,10
16645,11
16646,7
16647,11
16648,12
16649,11
16650,7
16651,11
16652,10
16653,7
16654,10
16655,5
16656,11
16657,4
16658,11
16659,12
16660,10
16661,10
16662,17
16663,11
16664,9
16665,6
16666,11
16667,14
16668,8
16669,14
16670,9
16671,11
16672,10
16673,10
16674,10
16675,10
16676,14
16677,13
16678,10
16679,12
16680,16
16681,5
16682,10
16683,5
16684,15
16685,7
16686,9
16687,13
16688,13
16689,11
16690,7
16691,12
16692,12
16693,13
16694,10
16695,9
16696,17
16697,12
16698,10
16699,11
16700,10
16701,17
16702,7
16703,11
16704,4
16705,6
16706,6
16707,9
16708,6
16709,13
16710,14
16711,8
16712,6
16713,10
16714,11
16715,9
16716,12
16717,11
16718,9
16719,10
16720,10
16721,11
16722,10
16723,9
16724,11
16725,6
16726,12
16727,5
16728,9
16729,6
16730,8
16731,10
16732,7
16733,12
16734,10
16735,14
16736,9
16737,7
16738,5
16739,7
16740,12
16741,9
16742,9
16743,8
16744,11
16745,11
16746,11
16747,9
16748,13
16749,9
16750,9
16751,8
16752,11
16753,12
16754,7
16755,7
16756,9
16757,14
16758,6
16759,7
16760,9
16761,11
16762,8
16763,9
16764,7
16765,11
16766,13
16767,10
16768,11
16769,8
16770,16
16771,15
16772,11
16773,4
16774,11
16775,6
16776,11
16777,11
16778,13
16779,11
16780,11
16781,8
16782,10
16783,10
16784,11
16785,10
16786,10
16787,17
16788,10
16789,15
16790,10
16791,11
16792,9
16793,13
16794,10
16795,10
16796,9
16797,9
16798,18
16799,13
16800,10
16801,12
16802,12
16803,11
16804,9
16805,11
16806,10
16807,15
16808,9
16809,11
16810,5
16811,11
16812,6
16813,10
16814,15
16815,8
16816,12
16817,17
16818,15
16819,5
16820,10
16821,10
16822,12
16823,9
16824,10
16825,7
16826,11
16827,15
16828,13
16829,11
16830,9
16831,12
16832,7
16833,10
16834,10
16835,9
16836,14
16837,10
16838,13
16839,7
16840,14
16841,9
16842,11
16843,6
16844,10
16845,7
16846,13
16847,10
16848,15
16849,12
16850,6
16851,13
16852,14
16853,6
16854,7
16855,14
16856,11
16857,6
16858,11
16859,10
16860,8
16861,15
16862,11
16863,5
16864,11
16865,13
16866,11
16867,8
16868,13
16869,10
16870,11
16871,4
16872,13
16873,9
16874,11
16875,6
16876,9
16877,11
16878,10
16879,9
16880,9
16881,8
16882,11
16883,11
16884,9
16885,5
16886,9
16887,13
16888,12
16889,9
16890,9
16891,11
16892,9
16893,11
16894,14
16895,14
16896,11
16897,9
16898,14
16899,7
16900,9
16901,7
16902,11
16903,7
16904,12
16905,18
16906,10
16907,11
16908,11
16909,7
16910,11
16911,13
16912,12
16913,13
16914,11
16915,13
16916,7
16917,12
16918,9
16919,10
16920,14
16921,7
16922,11
16923,6
16924,9
16925,9
16926,11
16927,13
16928,10
16929,6
16930,10
16931,10
16932,13
16933,16
16934,10
16935,6
16936,14
16937,13
16938,7
16939,10
16940,12
16941,9
16942,8
16943,10
16944,10
16945,9
16946,14
16947,10
16948,7
16949,7
16950,11
16951,10
16952,11
16953,8
16954,11
16955,12
16956,5
16957,10
16958,5
16959,6
16960,9
16961,11
16962,8
16963,5
16964,11
16965,10
16966,11
16967,9
16968,11
16969,11
16970,12
16971,14
16972,13
16973,8
16974,16
16975,7
16976,9
16977,10
16978,9
16979,12
16980,11
16981,11
16982,8
16983,10
16984,11
16985,7
16986,9
16987,12
16988,11
16989,7
16990,10
16991,7
16992,8
16993,11
16994,11
16995,10
16996,9
16997,7
16998,8
16999,12
17000,11
17001,9
17002,5
17003,10
17004,12
17005,9
17006,12
17007,7
17008,10
17009,7
17010,9
17011,10
17012,8
17013,11
17014,15
17015,13
17016,11
17017,11
17018,9
17019,9
17020,6
17021,9
17022,7
17023,8
17024,11
17025,12
17026,10
17027,4
17028,14
17029,10
17030,6
17031,10
17032,15
17033,14
17034,10
17035,12
17036,13
17037,16
17038,7
17039,7
17040,10
17041,11
17042,13
17043,14
17044,11
17045,11
17046,6
17047,8
17048,9
17049,8
17050,9
17051,8
17052,4
17053,15
17054,11
17055,15
17056,11
17057,10
17058,10
17059,7
17060,5
17061,5
17062,10
17063,9
17064,12
17065,7
17066,12
17067,11
17068,6
17069,10
17070,10
17071,11
17072,10
17073,17
17074,11
17075,10
17076,7
17077,17
17078,9
17079,9
17080,8
17081,9
17082,9
17083,9
17084,13
17085,11
17086,10
17087,17
17088,8
17089,9
17090,6
17091,10
17092,8
17093,11
17094,9
17095,6
17096,19
17097,9
17098,10
17099,6
17100,13
17101,12
17102,12
17103,8
17104,9
17105,12
17106,11
17107,11
17108,8
17109,10
17110,10
17111,6
17112,11
17113,8
17114,7
17115,8
17116,16
17117,10
17118,7
17119,9
17120,13
17121,8
17122,11
17123,13
17124,10
17125,11
17126,7
17127,9
17128,11
17129,5
17130,8
17131,11
17132,14
17133,14
17134,11
17135,6
17136,10
17137,8
17138,11
17139,9
17140,11
17141,5
17142,8
17143,6
17144,9
17145,8
17146,14
17147,10
17148,15
17149,10
17150,10
17151,11
17152,10
17153,14
17154,9
17155,14
17156,13
17157,10
17158,11
17159,11
17160,8
17161,10
17162,8
17163,6
17164,6
17165,13
17166,8
17167,8
17168,8
17169,15
17170,11
17171,11
17172,11
17173,10
17174,13
17175,7
17176,10
17177,13
17178,10
17179,12
17180,11
17181,10
17182,12
17183,9
17184,8
17185,16
17186,16
17187,8
17188,11
17189,10
17190,11
17191,13
17192,6
17193,13
17194,12
17195,12
17196,11
17197,9
17198,10
17199,7
17200,11
17201,7
17202,11
17203,8
17204,9
17205,9
17206,6
17207,11
17208,11
17209,10
17210,9
17211,12
17212,10
17213,10
17214,9
17215,11
17216,9
17217,9
17218,11
17219,9
17220,10
17221,11
17222,12
17223,10
17224,6
17225,11
17226,10
17227,15
17228,10
17229,8
17230,11
17231,15
17232,9
17233,12
17234,14
17235,10
17236,14
17237,10
17238,19
17239,9
17240,6
17241,10
17242,10
17243,11
17244,10
17245,10
17246,8
17247,11
17248,10
17249,7
17250,15
17251,10
17252,10
17253,11
17254,9
17255,6
17256,13
17257,9
17258,10
17259,9
17260,17
17261,13
17262,8
17263,11
17264,6
17265,5
17266,9
17267,7
17268,15
17269,10
17270,10
17271,11
17272,9
17273,7
17274,11
17275,8
17276,9
17277,9
17278,11
17279,12
17280,16
17281,9
17282,15
17283,14
17284,13
17285,9
17286,9
17287,8
17288,10
17289,5
17290,12
17291,8
17292,7
17293,9
17294,10
17295,9
17296,7
17297,15
17298,5
17299,15
17300,12
17301,8
17302,15
17303,9
17304,10
17305,7
17306,8
17307,11
17308,7
17309,16
17310,12
17311,8
17312,10
17313,12
17314,10
17315,10
17316,10
17317,10
17318,10
17319,11
17320,10
17321,11
17322,12
17323,7
17324,11
17325,8
17326,11
17327,10
17328,10
17329,12
17330,10
17331,9
17332,7
17333,10
17334,9
17335,11
17336,11
17337,8
17338,8
17339,12
17340,16
17341,5
17342,9
17343,16
17344,10
17345,9
17346,7
17347,10
17348,15
17349,13
17350,9
17351,14
17352,9
17353,6
17354,10
17355,11
17356,8
17357,9
17358,10
17359,11
17360,11
17361,7
17362,11
17363,7
17364,10
17365,6
17366,17
17367,10
17368,6
17369,14
17370,11
17371,5
17372,11
17373,7
17374,11
17375,11
17376,10
17377,9
17378,11
17379,15
17380,9
17381,10
17382,12
17383,10
17384,9
17385,10
17386,9
17387,16
17388,11
17389,10
17390,12
17391,9
17392,12
17393,5
17394,7
17395,8
17396,13
17397,8
17398,11
17399,7
17400,11
17401,9
17402,16
17403,10
17404,17
17405,5
17406,9
17407,14
17408,7
17409,9
17410,10
17411,11
17412,7
17413,9
17414,8
17415,12
17416,7
17417,10
17418,8
17419,11
17420,8
17421,11
17422,12
17423,12
17424,9
17425,10
17426,6
17427,10
17428,9
17429,7
17430,9
17431,11
17432,10
17433,8
17434,8
17435,7
17436,10
17437,10
17438,11
17439,13
17440,13
17441,9
17442,9
17443,10
17444,12
17445,4
17446,8
17447,15
17448,11
17449,11
17450,10
17451,11
17452,8
17453,5
17454,10
17455,10
17456,13
17457,10
17458,12
17459,11
17460,6
17461,11
17462,7
17463,10
17464,9
17465,10
17466,14
17467,9
17468,15
17469,12
17470,11
17471,9
17472,11
17473,11
17474,6
17475,10
17476,7
17477,10
17478,6
17479,11
17480,8
17481,11
17482,14
17483,8
17484,10
17485,4
17486,9
17487,12
17488,14
17489,5
17490,11
17491,7
17492,8
17493,4
17494,13
17495,12
17496,11
17497,10
17498,11
17499,8
17500,11
17501,9
17502,11
17503,11
17504,14
17505,8
17506,6
17507,11
17508,10
17509,11
17510,12
17511,10
17512,9
17513,5
17514,10
17515,11
17516,5
17517,7
17518,13
17519,10
17520,12
17521,15
17522,15
17523,10
17524,13
17525,7
17526,10
17527,9
17528,10
17529,8
17530,10
17531,7
17532,12
17533,11
17534,12
17535,10
17536,8
17537,11
17538,9
17539,7
17540,10
17541,9
17542,7
17543,10
17544,7
17545,11
17546,8
17547,8
17548,12
17549,9
17550,10
17551,13
17552,9
17553,12
17554,19
17555,7
17556,11
17557,6
17558,10
17559,6
17560,11
17561,8
17562,9
17563,7
17564,7
17565,15
17566,8
17567,10
17568,6
17569,8
17570,10
17571,7
17572,10
17573,10
17574,10
17575,5
17576,8
17577,5
17578,9
17579,10
17580,8
17581,7
17582,10
17583,14
17584,16
17585,7
17586,10
17587,9
17588,4
17589,9
17590,11
17591,11
17592,8
17593,10
17594,12
17595,9
17596,10
17597,6
17598,10
17599,10
17600,8
17601,9
17602,9
17603,6
17604,7
17605,10
17606,10
17607,15
17608,10
17609,9
17610,11
17611,6
17612,9
17613,7
17614,8
17615,10
17616,10
17617,16
17618,18
17619,10
17620,4
17621,6
17622,7
17623,12
17624,7
17625,16
17626,14
17627,12
17628,9
17629,9
17630,12
17631,5
17632,11
17633,8
17634,9
17635,14
17636,11
17637,11
17638,13
17639,13
17640,9
17641,10
17642,11
17643,10
17644,16
17645,12
17646,10
17647,17
17648,9
17649,9
17650,10
17651,11
17652,7
17653,11
17654,9
17655,10
17656,10
17657,8
17658,11
17659,10
17660,7
17661,9
17662,9
17663,9
17664,8
17665,11
17666,7
17667,10
17668,8
17669,5
17670,14
17671,13
17672,13
17673,9
17674,9
17675,12
17676,8
17677,9
17678,14
17679,5
17680,7
17681,7
17682,7
17683,9
17684,11
17685,12
17686,7
17687,8
17688,11
17689,13
17690,10
17691,11
17692,11
17693,10
17694,7
17695,8
17696,10
17697,12
17698,5
17699,10
17700,18
17701,10
17702,11
17703,9
17704,10
17705,17
17706,11
17707,13
17708,10
17709,10
17710,12
17711,8
17712,5
17713,8
17714,11
17715,8
17716,13
17717,8
17718,8
17719,11
17720,7
17721,10
17722,9
17723,9
17724,9
17725,9
17726,10
17727,10
17728,12
17729,10
17730,12
17731,8
17732,6
17733,9
17734,10
17735,6
17736,10
17737,10
17738,13
17739,10
17740,17
17741,9
17742,6
17743,8
17744,8
17745,11
17746,9
17747,6
17748,10
17749,11
17750,10
17751,13
17752,11
17753,12
17754,8
17755,11
17756,6
17757,9
17758,16
17759,19
17760,12
17761,14
17762,11
17763,9
17764,13
17765,7
17766,5
17767,9
17768,10
17769,8
17770,8
17771,9
17772,19
17773,12
17774,11
17775,7
17776,12
17777,13
17778,7
17779,10
17780,10
17781,9
17782,11
17783,9
17784,9
17785,6
17786,10
17787,5
17788,11
17789,15
17790,6
17791,15
17792,10
17793,12
17794,16
17795,9
17796,12
17797,8
17798,9
17799,9
17800,6
17801,9
17802,7
17803,10
17804,10
17805,9
17806,12
17807,10
17808,6
17809,11
17810,6
17811,10
17812,10
17813,11
17814,9
17815,10
17816,11
17817,8
17818,7
17819,12
17820,9
17821,10
17822,10
17823,13
17824,11
17825,9
17826,10
17827,11
17828,11
17829,6
17830,6
17831,16
17832,11
17833,13
17834,8
17835,8
17836,9
17837,7
17838,14
17839,15
17840,6
17841,4
17842,9
17843,9
17844,11
17845,8
17846,9
17847,9
17848,12
17849,12
17850,7
17851,6
17852,12
17853,8
17854,10
17855,11
17856,8
17857,10
17858,11
17859,7
17860,10
17861,11
17862,7
17863,9
17864,8
17865,7
17866,12
17867,12
17868,9
17869,6
17870,11
17871,10
17872,9
17873,7
17874,9
17875,14
17876,9
17877,15
17878,12
17879,10
17880,11
17881,12
17882,10
17883,13
17884,11
17885,12
17886,8
17887,12
17888,10
17889,10
17890,10
17891,11
17892,7
17893,10
17894,4
17895,10
17896,8
17897,10
17898,10
17899,7
17900,9
17901,11
17902,9
17903,15
17904,6
17905,11
17906,13
17907,6
17908,13
17909,12
17910,10
17911,11
17912,9
17913,5
17914,10
17915,11
17916,12
17917,8
17918,10
17919,7
17920,7
17921,9
17922,5
17923,11
17924,11
17925,15
17926,9
17927,11
17928,10
17929,8
17930,16
17931,4
17932,8
17933,11
17934,9
17935,14
17936,13
17937,7
17938,9
17939,11
17940,11
17941,10
17942,7
17943,9
17944,9
17945,11
17946,9
17947,9
17948,9
17949,11
17950,10
17951,7
17952,8
17953,12
17954,11
17955,6
17956,8
17957,13
17958,10
17959,12
17960,7
17961,10
17962,14
17963,13
17964,9
17965,10
17966,13
17967,7
17968,11
17969,10
17970,16
17971,8
17972,12
17973,7
17974,11
17975,7
17976,11
17977,11
17978,10
17979,11
17980,13
17981,9
17982,11
17983,7
17984,10
17985,12
17986,10
17987,8
17988,15
17989,9
17990,11
17991,14
17992,11
17993,11
17994,10
17995,7
17996,18
17997,13
17998,7
17999,6
18000,7
18001,9
18002,7
18003,12
18004,10
18005,13
18006,9
18007,8
18008,10
18009,5
18010,10
18011,11
18012,10
18013,6
18014,9
18015,11
18016,12
18017,9
18018,13
18019,5
18020,12
18021,15
18022,10
18023,9
18024,11
18025,13
18026,11
18027,8
18028,11
18029,10
18030,10
18031,7
18032,11
18033,9
18034,10
18035,8
18036,9
18037,6
18038,10
18039,9
18040,12
18041,6
18042,9
18043,11
18044,10
18045,10
18046,10
18047,12
18048,10
18049,10
18050,11
18051,12
18052,9
18053,15
18054,7
18055,15
18056,15
18057,10
18058,9
18059,12
18060,10
18061,13
18062,11
18063,11
18064,13
18065,14
18066,10
18067,11
18068,10
18069,10
18070,8
18071,7
18072,10
18073,5
18074,8
18075,11
18076,6
18077,12
18078,6
18079,11
18080,8
18081,7
18082,5
18083,15
18084,9
18085,8
18086,12
18087,12
18088,11
18089,11
18090,7
18091,11
18092,6
18093,10
18094,10
18095,10
18096,11
18097,12
18098,9
18099,10
18100,10
18101,16
18102,11
18103,12
18104,4
18105,9
18106,12
18107,11
18108,8
18109,11
18110,10
18111,9
18112,10
18113,9
18114,13
18115,11
18116,9
18117,8
18118,12
18119,11
18120,14
18121,11
18122,5
18123,8
18124,8
18125,15
18126,16
18127,10
18128,14
18129,12
18130,5
18131,11
18132,7
18133,9
18134,15
18135,10
18136,7
18137,10
18138,10
18139,9
18140,8
18141,10
18142,6
18143,8
18144,17
18145,11
18146,8
18147,11
18148,8
18149,17
18150,5
18151,10
18152,7
18153,11
18154,10
18155,8
18156,8
18157,8
18158,16
18159,9
18160,14
18161,11
18162,10
18163,11
18164,10
18165,11
18166,10
18167,8
18168,10
18169,11
18170,12
18171,13
18172,9
18173,7
18174,10
18175,11
18176,12
18177,10
18178,8
18179,12
18180,7
18181,10
18182,8
18183,10
18184,11
18185,9
18186,12
18187,16
18188,9
18189,7
18190,10
18191,11
18192,12
18193,14
18194,9
18195,9
18196,11
18197,14
18198,7
18199,7
18200,13
18201,10
18202,11
18203,9
18204,7
18205,10
18206,11
18207,7
18208,7
18209,13
18210,8
18211,10
18212,7
18213,13
18214,8
18215,7
18216,10
18217,16
18218,11
18219,6
18220,13
18221,8
18222,11
18223,7
18224,11
18225,10
18226,8
18227,7
18228,9
18229,13
18230,11
18231,8
18232,7
18233,12
18234,5
18235,9
18236,7
18237,8
18238,11
18239,9
18240,11
18241,7
18242,9
18243,6
18244,10
18245,6
18246,5
18247,7
18248,12
18249,8
18250,9
18251,10
18252,7
18253,12
18254,11
18255,12
18256,10
18257,6
18258,12
18259,10
18260,10
18261,5
18262,11
18263,12
18264,11
18265,9
18266,8
18267,8
18268,17
18269,11
18270,12
18271,11
18272,10
18273,8
18274,10
18275,15
18276,10
18277,8
18278,9
18279,12
18280,8
18281,11
18282,11
18283,7
18284,14
18285,10
18286,10
18287,13
18288,9
18289,16
18290,10
18291,17
18292,13
18293,11
18294,10
18295,14
18296,8
18297,12
18298,11
18299,10
18300,12
18301,8
18302,11
18303,11
18304,9
18305,7
18306,12
18307,10
18308,6
18309,15
18310,6
18311,9
18312,16
18313,13
18314,18
18315,10
18316,5
18317,19
18318,11
18319,8
18320,10
18321,12
18322,12
18323,9
18324,7
18325,9
18326,11
18327,10
18328,9
18329,9
18330,4
18331,11
18332,11
18333,15
18334,6
18335,10
18336,11
18337,10
18338,8
18339,8
18340,10
18341,11
18342,10
18343,10
18344,14
18345,9
18346,14
18347,9
18348,5
18349,17
18350,12
18351,11
18352,10
18353,11
18354,9
18355,13
18356,16
18357,10
18358,14
18359,6
18360,11
18361,10
18362,9
18363,11
18364,7
18365,10
18366,8
18367,10
18368,13
18369,10
18370,10
18371,9
18372,10
18373,15
18374,10
18375,11
18376,10
18377,11
18378,12
18379,11
18380,9
18381,9
18382,12
18383,17
18384,5
18385,15
18386,7
18387,9
18388,12
18389,11
18390,6
18391,13
18392,14
18393,9
18394,14
18395,11
18396,7
18397,9
18398,9
18399,5
18400,7
18401,8
18402,10
18403,16
18404,8
18405,12
18406,9
18407,10
18408,10
18409,11
18410,4
18411,7
18412,11
18413,9
18414,19
18415,5
18416,13
18417,13
18418,11
18419,12
18420,11
18421,9
18422,10
18423,10
18424,8
18425,8
18426,11
18427,10
18428,14
18429,7
18430,7
18431,9
18432,11
18433,10
18434,10
18435,8
18436,9
18437,11
18438,9
18439,6
18440,16
18441,10
18442,12
18443,9
18444,5
18445,11
18446,11
18447,17
18448,10
18449,10
18450,11
18451,5
18452,9
18453,6
18454,5
18455,9
18456,10
18457,7
18458,7
18459,8
18460,10
18461,11
18462,8
18463,10
18464,11
18465,9
18466,9
18467,9
18468,10
18469,11
18470,15
18471,12
18472,9
18473,11
18474,10
18475,5
18476,8
18477,7
18478,6
18479,10
18480,17
18481,6
18482,11
18483,10
18484,12
18485,8
18486,7
18487,10
18488,12
18489,17
18490,10
18491,11
18492,11
18493,11
18494,13
18495,10
18496,9
18497,10
18498,10
18499,12
18500,9
18501,7
18502,9
18503,12
18504,7
18505,9
18506,11
18507,5
18508,9
18509,12
18510,8
18511,8
18512,8
18513,6
18514,13
18515,11
18516,6
18517,7
18518,11
18519,15
18520,9
18521,11
18522,7
18523,9
18524,15
18525,15
18526,10
18527,6
18528,4
18529,10
18530,9
18531,6
18532,11
18533,11
18534,17
18535,9
18536,12
18537,13
18538,12
18539,9
18540,8
18541,12
18542,7
18543,12
18544,11
18545,9
18546,13
18547,4
18548,6
18549,12
18550,12
18551,13
18552,11
18553,9
18554,17
18555,6
18556,11
18557,7
18558,12
18559,6
18560,8
18561,11
18562,11
18563,6
18564,11
18565,11
18566,11
18567,9
18568,10
18569,9
18570,5
18571,11
18572,9
18573,11
18574,12
18575,6
18576,13
18577,9
18578,11
18579,11
18580,7
18581,4
18582,5
18583,11
18584,10
18585,10
18586,15
18587,11
18588,12
18589,14
18590,9
18591,10
18592,7
18593,11
18594,13
18595,8
18596,10
18597,10
18598,6
18599,11
18600,10
18601,10
18602,11
18603,5
18604,16
18605,8
18606,10
18607,10
18608,7
18609,10
18610,10
18611,10
18612,10
18613,10
18614,10
18615,10
18616,8
18617,10
18618,11
18619,14
18620,11
18621,9
18622,9
18623,5
18624,8
18625,8
18626,10
18627,8
18628,8
18629,10
18630,7
18631,10
18632,6
18633,9
18634,9
18635,10
18636,9
18637,9
18638,10
18639,7
18640,12
18641,11
18642,6
18643,15
18644,13
18645,14
18646,19
18647,9
18648,12
18649,12
18650,10
18651,13
18652,11
18653,6
18654,9
18655,10
18656,11
18657,11
18658,8
18659,8
18660,7
18661,9
18662,16
18663,13
18664,9
18665,5
18666,11
18667,11
18668,12
18669,11
18670,10
18671,7
18672,9
18673,8
18674,11
18675,11
18676,11
18677,11
18678,10
18679,10
18680,15
18681,11
18682,8
18683,10
18684,10
18685,9
18686,16
18687,11
18688,10
18689,9
18690,9
18691,7
18692,13
18693,5
18694,10
18695,9
18696,10
18697,11
18698,9
18699,7
18700,6
18701,9
18702,9
18703,13
18704,9
18705,9
18706,6
18707,8
18708,8
18709,12
18710,14
18711,8
18712,10
18713,9
18714,10
18715,10
18716,15
18717,15
18718,7
18719,14
18720,7
18721,14
18722,9
18723,17
18724,10
18725,11
18726,15
18727,15
18728,10
18729,10
18730,11
18731,5
18732,8
18733,6
18734,11
18735,11
18736,11
18737,8
18738,15
18739,6
18740,10
18741,10
18742,8
18743,11
18744,8
18745,9
18746,9
18747,11
18748,8
18749,12
18750,9
18751,5
18752,11
18753,10
18754,10
18755,7
18756,11
18757,9
18758,10
18759,10
18760,9
18761,10
18762,11
18763,12
18764,11
18765,10
18766,15
18767,11
18768,11
18769,8
18770,15
18771,8
18772,11
18773,12
18774,10
18775,9
18776,8
18777,9
18778,9
18779,7
18780,11
18781,9
18782,10
18783,10
18784,7
18785,17
18786,8
18787,12
18788,10
18789,9
18790,9
18791,8
18792,11
18793,6
18794,7
18795,10
18796,17
18797,9
18798,5
18799,9
18800,10
18801,10
18802,10
18803,10
18804,10
18805,17
18806,9
18807,9
18808,16
18809,8
18810,4
18811,5
18812,8
18813,9
18814,10
18815,15
18816,6
18817,16
18818,10
18819,10
18820,9
18821,9
18822,10
18823,9
18824,8
18825,10
18826,11
18827,6
18828,7
18829,7
18830,9
18831,11
18832,11
18833,8
18834,10
18835,12
18836,8
18837,11
18838,10
18839,10
18840,11
18841,10
18842,10
18843,8
18844,11
18845,9
18846,12
18847,5
18848,9
18849,10
18850,17
18851,10
18852,11
18853,8
18854,8
18855,5
18856,11
18857,10
18858,10
18859,5
18860,13
18861,7
18862,10
18863,11
18864,8
18865,7
18866,11
18867,7
18868,11
18869,10
18870,11
18871,12
18872,11
18873,10
18874,9
18875,9
18876,13
18877,14
18878,9
18879,6
18880,9
18881,11
18882,8
18883,9
18884,12
18885,7
18886,14
18887,10
18888,8
18889,12
18890,8
18891,10
18892,9
18893,11
18894,10
18895,12
18896,11
18897,16
18898,10
18899,14
18900,11
18901,12
18902,9
18903,8
18904,15
18905,8
18906,12
18907,10
18908,10
18909,9
18910,10
18911,10
18912,15
18913,12
18914,9
18915,9
18916,15
18917,10
18918,9
18919,13
18920,7
18921,11
18922,8
18923,10
18924,10
18925,9
18926,9
18927,10
18928,15
18929,9
18930,11
18931,16
18932,7
18933,9
18934,13
18935,8
18936,6
18937,10
18938,7
18939,7
18940,15
18941,10
18942,8
18943,11
18944,10
18945,6
18946,13
18947,11
18948,11
18949,8
18950,11
18951,11
18952,7
18953,9
18954,9
18955,6
18956,6
18957,4
18958,11
18959,11
18960,11
18961,8
18962,7
18963,9
18964,12
18965,9
18966,11
18967,10
18968,11
18969,8
18970,13
18971,12
18972,7
18973,12
18974,10
18975,10
18976,6
18977,10
18978,9
18979,11
18980,11
18981,7
18982,9
18983,12
18984,4
18985,10
18986,9
18987,13
18988,13
18989,10
18990,9
18991,9
18992,8
18993,12
18994,10
18995,12
18996,9
18997,6
18998,6
18999,11
19000,9
19001,11
19002,10
19003,6
19004,10
19005,11
19006,10
19007,10
19008,10
19009,11
19010,7
19011,17
19012,11
19013,8
19014,11
19015,11
19016,7
19017,8
19018,9
19019,11
19020,11
19021,12
19022,10
19023,11
19024,11
19025,11
19026,12
19027,13
19028,12
19029,12
19030,11
19031,12
19032,6
19033,16
19034,13
19035,8
19036,10
19037,7
19038,11
19039,10
19040,9
19041,13
19042,10
19043,10
19044,7
19045,9
19046,16
19047,10
19048,11
19049,11
19050,9
19051,11
19052,6
19053,10
19054,10
19055,9
19056,9
19057,11
19058,12
19059,10
19060,8
19061,6
19062,9
19063,14
19064,12
19065,8
19066,11
19067,10
19068,9
19069,11
19070,10
19071,13
19072,16
19073,11
19074,12
19075,15
19076,5
19077,9
19078,6
19079,10
19080,9
19081,7
19082,8
19083,7
19084,8
19085,13
19086,12
19087,8
19088,12
19089,7
19090,11
19091,11
19092,6
19093,9
19094,10
19095,11
19096,11
19097,10
19098,12
19099,16
19100,4
19101,15
19102,11
19103,12
19104,9
19105,15
19106,8
19107,10
19108,17
19109,10
19110,11
19111,12
19112,8
19113,9
19114,11
19115,11
19116,10
19117,11
19118,6
19119,7
19120,10
19121,10
19122,7
19123,6
19124,8
19125,13
19126,11
19127,12
19128,7
19129,11
19130,7
19131,16
19132,7
19133,10
19134,12
19135,6
19136,8
19137,11
19138,9
19139,12
19140,11
19141,13
19142,12
19143,10
19144,11
19145,10
19146,12
19147,8
19148,11
19149,14
19150,5
19151,10
19152,6
19153,11
19154,5
19155,12
19156,14
19157,12
19158,11
19159,9
19160,6
19161,10
19162,7
19163,12
19164,11
19165,9
19166,15
19167,8
19168,17
19169,6
19170,10
19171,15
19172,17
19173,15
19174,10
19175,9
19176,8
19177,16
19178,11
19179,13
19180,8
19181,15
19182,12
19183,13
19184,11
19185,9
19186,8
19187,11
19188,12
19189,8
19190,11
19191,10
19192,11
19193,16
19194,10
19195,11
19196,11
19197,9
19198,13
19199,10
19200,11
19201,11
19202,7
19203,10
19204,10
19205,11
19206,5
19207,12
19208,14
19209,11
19210,4
19211,9
19212,11
19213,8
19214,11
19215,9
19216,7
19217,7
19218,10
19219,9
19220,8
19221,7
19222,9
19223,6
19224,8
19225,10
19226,10
19227,12
19228,7
19229,10
19230,9
19231,9
19232,11
19233,15
19234,7
19235,12
19236,11
19237,9
19238,14
19239,11
19240,7
19241,14
19242,10
19243,10
19244,11
19245,10
19246,14
19247,5
19248,11
19249,11
19250,9
19251,10
19252,10
19253,9
19254,11
19255,8
19256,11
19257,12
19258,10
19259,12
19260,12
19261,11
19262,11
19263,11
19264,14
19265,11
19266,11
19267,6
19268,7
19269,15
19270,8
19271,14
19272,11
19273,9
19274,15
19275,10
19276,13
19277,11
19278,8
19279,7
19280,14
19281,7
19282,11
19283,16
19284,11
19285,12
19286,11
19287,9
19288,14
19289,7
19290,6
19291,11
19292,10
19293,10
19294,12
19295,9
19296,10
19297,10
19298,10
19299,11
19300,10
19301,13
19302,7
19303,14
19304,8
19305,12
19306,7
19307,11
19308,10
19309,9
19310,7
19311,11
19312,7
19313,10
19314,9
19315,8
19316,11
19317,11
19318,6
19319,11
19320,11
19321,9
19322,10
19323,10
19324,11
19325,10
19326,10
19327,10
19328,8
19329,11
19330,9
19331,14
19332,11
19333,9
19334,11
19335,7
19336,10
19337,12
19338,8
19339,6
19340,10
19341,5
19342,10
19343,16
19344,7
19345,11
19346,10
19347,9
19348,11
19349,10
19350,9
19351,9
19352,8
19353,11
19354,10
19355,10
19356,11
19357,6
19358,9
19359,8
19360,15
19361,9
19362,9
19363,7
19364,7
19365,9
19366,15
19367,19
19368,11
19369,12
19370,9
19371,9
19372,11
19373,8
19374,10
19375,9
19376,10
19377,11
19378,15
19379,10
19380,8
19381,9
19382,8
19383,10
19384,9
19385,11
19386,11
19387,7
19388,12
19389,11
19390,10
19391,6
19392,7
19393,10
19394,8
19395,11
19396,7
19397,9
19398,12
19399,7
19400,10
19401,12
19402,12
19403,6
19404,13
19405,11
19406,10
19407,12
19408,10
19409,11
19410,6
19411,7
19412,15
19413,6
19414,11
19415,10
19416,10
19417,10
19418,10
19419,6
19420,10
19421,12
19422,6
19423,7
19424,10
19425,11
19426,6
19427,14
19428,9
19429,10
19430,9
19431,9
19432,11
19433,10
19434,10
19435,12
19436,10
19437,8
19438,9
19439,11
19440,11
19441,7
19442,11
19443,7
19444,16
19445,7
19446,11
19447,11
19448,12
19449,10
19450,8
19451,6
19452,11
19453,7
19454,6
19455,10
19456,8
19457,17
19458,7
19459,18
19460,9
19461,14
19462,5
19463,9
19464,9
19465,14
19466,11
19467,7
19468,9
19469,18
19470,11
19471,10
19472,11
19473,11
19474,8
19475,9
19476,10
19477,14
19478,12
19479,17
19480,6
19481,8
19482,7
19483,9
19484,9
19485,10
19486,9
19487,12
19488,9
19489,9
19490,8
19491,12
19492,9
19493,9
19494,8
19495,7
19496,7
19497,11
19498,12
19499,11
19500,9
19501,9
19502,8
19503,14
19504,12
19505,13
19506,8
19507,14
19508,7
19509,11
19510,12
19511,11
19512,12
19513,7
19514,8
19515,9
19516,13
19517,11
19518,10
19519,16
19520,7
19521,9
19522,11
19523,12
19524,16
19525,10
19526,13
19527,11
19528,10
19529,13
19530,7
19531,12
19532,7
19533,10
19534,12
19535,11
19536,9
19537,5
19538,7
19539,11
19540,11
19541,5
19542,10
19543,9
19544,10
19545,11
19546,10
19547,6
19548,10
19549,8
19550,13
19551,10
19552,6
19553,9
19554,7
19555,11
19556,10
19557,10
19558,15
19559,10
19560,13
19561,11
19562,11
19563,7
19564,9
19565,8
19566,10
19567,7
19568,10
19569,11
19570,15
19571,8
19572,8
19573,9
19574,14
19575,11
19576,8
19577,8
19578,11
19579,7
19580,7
19581,9
19582,12
19583,4
19584,11
19585,7
19586,12
19587,10
19588,10
19589,11
19590,6
19591,9
19592,10
19593,7
19594,8
19595,14
19596,9
19597,7
19598,9
19599,10
19600,10
19601,11
19602,9
19603,11
19604,10
19605,7
19606,11
19607,5
19608,13
19609,12
19610,8
19611,12
19612,9
19613,12
19614,9
19615,5
19616,10
19617,11
19618,10
19619,10
19620,7
19621,15
19622,7
19623,17
19624,5
19625,11
19626,12
19627,13
19628,8
19629,9
19630,11
19631,7
19632,10
19633,10
19634,6
19635,12
19636,9
19637,10
19638,7
19639,6
19640,9
19641,13
19642,12
19643,10
19644,10
19645,10
19646,11
19647,10
19648,4
19649,9
19650,5
19651,11
19652,10
19653,16
19654,6
19655,11
19656,7
19657,13
19658,9
19659,14
19660,8
19661,10
19662,9
19663,10
19664,9
19665,7
19666,11
19667,11
19668,11
19669,9
19670,8
19671,8
19672,11
19673,9
19674,13
19675,8
19676,9
19677,14
19678,9
19679,8
19680,5
19681,11
19682,9
19683,9
19684,12
19685,9
19686,7
19687,11
19688,11
19689,11
19690,9
19691,7
19692,11
19693,9
19694,11
19695,6
19696,10
19697,10
19698,11
19699,6
19700,9
19701,9
19702,14
19703,8
19704,5
19705,11
19706,11
19707,7
19708,12
19709,11
19710,11
19711,11
19712,9
19713,8
19714,9
19715,12
19716,8
19717,10
19718,11
19719,9
19720,11
19721,7
19722,9
19723,9
19724,9
19725,10
19726,8
19727,7
19728,12
19729,11
19730,9
19731,12
19732,10
19733,10
19734,14
19735,11
19736,15
19737,8
19738,11
19739,10
19740,10
19741,16
19742,11
19743,10
19744,12
19745,11
19746,10
19747,9
19748,11
19749,11
19750,9
19751,10
19752,10
19753,8
19754,15
19755,17
19756,7
19757,7
19758,9
19759,10
19760,10
19761,12
19762,11
19763,7
19764,6
19765,11
19766,11
19767,12
19768,9
19769,7
19770,4
19771,6
19772,11
19773,9
19774,13
19775,14
19776,7
19777,11
19778,14
19779,15
19780,11
19781,10
19782,10
19783,16
19784,9
19785,6
19786,10
19787,9
19788,12
19789,9
19790,14
19791,7
19792,4
19793,9
19794,10
19795,10
19796,9
19797,10
19798,10
19799,11
19800,8
19801,9
19802,12
19803,10
19804,5
19805,10
19806,11
19807,9
19808,10
19809,15
19810,15
19811,11
19812,14
19813,15
19814,14
19815,12
19816,17
19817,7
19818,10
19819,11
19820,13
19821,11
19822,9
19823,11
19824,11
19825,12
19826,5
19827,11
19828,12
19829,10
19830,12
19831,8
19832,7
19833,9
19834,10
19835,10
19836,10
19837,10
19838,12
19839,16
19840,7
19841,7
19842,11
19843,11
19844,13
19845,7
19846,11
19847,13
19848,16
19849,12
19850,7
19851,18
19852,6
19853,14
19854,10
19855,9
19856,15
19857,10
19858,12
19859,8
19860,11
19861,4
19862,12
19863,11
19864,16
19865,14
19866,10
19867,11
19868,5
19869,6
19870,10
19871,6
19872,5
19873,4
19874,9
19875,12
19876,11
19877,10
19878,11
19879,4
19880,7
19881,10
19882,9
19883,10
19884,9
19885,10
19886,11
19887,10
19888,10
19889,14
19890,8
19891,13
19892,16
19893,10
19894,15
19895,10
19896,11
19897,11
19898,11
19899,10
19900,9
19901,14
19902,8
19903,5
19904,10
19905,10
19906,10
19907,10
19908,11
19909,9
19910,10
19911,10
19912,10
19913,7
19914,9
19915,11
19916,10
19917,15
19918,9
19919,5
19920,10
19921,7
19922,15
19923,15
19924,7
19925,9
19926,12
19927,4
19928,10
19929,8
19930,10
19931,10
19932,12
19933,11
19934,11
19935,15
19936,9
19937,10
19938,8
19939,9
19940,9
19941,13
19942,10
19943,5
19944,10
19945,10
19946,12
19947,12
19948,10
19949,6
19950,5
19951,10
19952,10
19953,11
19954,11
19955,7
19956,6
19957,8
19958,11
19959,12
19960,11
19961,11
19962,9
19963,10
19964,14
19965,12
19966,9
19967,8
19968,17
19969,13
19970,14
19971,13
19972,6
19973,12
19974,12
19975,11
19976,11
19977,14
19978,7
19979,11
19980,12
19981,9
19982,9
19983,10
19984,10
19985,9
19986,6
19987,10
19988,9
19989,9
19990,8
19991,16
19992,10
19993,12
19994,7
19995,9
19996,8
19997,12
19998,10
19999,11
20000,11
20001,8
20002,11
20003,9
20004,9
20005,9
20006,6
20007,10
20008,9
20009,5
20010,10
20011,16
20012,8
20013,10
20014,14
20015,8
20016,7
20017,10
20018,10
20019,13
20020,10
20021,8
20022,6
20023,6
20024,16
20025,7
20026,11
20027,10
20028,12
20029,8
20030,11
20031,11
20032,8
20033,6
20034,8
20035,10
20036,15
20037,9
20038,9
20039,8
20040,11
20041,11
20042,12
20043,11
20044,13
20045,11
20046,11
20047,11
20048,9
20049,9
20050,11
20051,6
20052,11
20053,7
20054,13
20055,12
20056,13
20057,5
20058,8
20059,8
20060,6
20061,9
20062,7
20063,9
20064,9
20065,6
20066,10
20067,12
20068,12
20069,9
20070,6
20071,11
20072,6
20073,5
20074,16
20075,11
20076,7
20077,10
20078,11
20079,9
20080,11
20081,7
20082,10
20083,7
20084,10
20085,10
20086,10
20087,10
20088,10
20089,9
20090,11
20091,11
20092,10
20093,9
20094,7
20095,9
20096,11
20097,9
20098,6
20099,10
20100,9
20101,9
20102,9
20103,7
20104,11
20105,14
20106,6
20107,8
20108,10
20109,7
20110,17
20111,12
20112,9
20113,10
20114,9
20115,7
20116,14
20117,8
20118,12
20119,12
20120,11
20121,10
20122,11
20123,8
20124,9
20125,11
20126,10
20127,11
20128,11
20129,9
20130,8
20131,11
20132,9
20133,11
20134,13
20135,10
20136,12
20137,9
20138,5
20139,13
20140,7
20141,10
20142,12
20143,9
20144,11
20145,7
20146,7
20147,13
20148,14
20149,11
20150,10
20151,7
20152,7
20153,10
20154,12
20155,11
20156,17
20157,12
20158,8
20159,9
20160,12
20161,9
20162,12
20163,7
20164,8
20165,8
20166,8
20167,5
20168,11
20169,11
20170,10
20171,11
20172,9
20173,11
20174,9
20175,10
20176,9
20177,11
20178,10
20179,11
20180,9
20181,11
20182,12
20183,11
20184,11
20185,10
20186,14
20187,10
20188,16
20189,6
20190,9
20191,5
20192,11
20193,10
20194,9
20195,5
20196,11
20197,15
20198,10
20199,8
20200,8
20201,13
20202,10
20203,6
20204,9
20205,9
20206,11
20207,9
20208,11
20209,11
20210,8
20211,9
20212,12
20213,11
20214,9
20215,11
20216,6
20217,7
20218,10
20219,6
20220,8
20221,10
20222,7
20223,11
20224,9
20225,8
20226,14
20227,10
20228,7
20229,5
20230,11
20231,11
20232,13
20233,7
20234,11
20235,12
20236,6
20237,12
20238,16
20239,7
20240,7
20241,9
20242,11
20243,14
20244,5
20245,12
20246,11
20247,11
20248,6
20249,10
20250,6
20251,10
20252,13
20253,8
20254,10
20255,6
20256,5
20257,10
20258,12
20259,9
20260,8
20261,11
20262,10
20263,9
20264,9
20265,10
20266,11
20267,9
20268,14
20269,11
20270,10
20271,11
20272,12
20273,10
20274,8
20275,5
20276,11
20277,10
20278,7
20279,10
20280,15
20281,10
20282,10
20283,8
20284,9
20285,9
20286,13
20287,9
20288,9
20289,7
20290,6
20291,9
20292,12
20293,11
20294,9
20295,10
20296,7
20297,10
20298,9
20299,13
20300,9
20301,4
20302,8
20303,9
20304,10
20305,11
20306,16
20307,11
20308,7
20309,8
20310,10
20311,11
20312,9
20313,7
20314,18
20315,7
20316,8
20317,8
20318,9
20319,11
20320,9
20321,6
20322,8
20323,13
20324,9
20325,8
20326,11
20327,11
20328,10
20329,8
20330,5
20331,13
20332,7
20333,8
20334,11
20335,9
20336,10
20337,5
20338,4
20339,11
20340,14
20341,7
20342,11
20343,10
20344,8
20345,10
20346,11
20347,8
20348,9
20349,9
20350,11
20351,10
20352,11
20353,11
20354,8
20355,11
20356,8
20357,7
20358,9
20359,11
20360,10
20361,10
20362,10
20363,9
20364,11
20365,13
20366,10
20367,10
20368,12
20369,12
20370,10
20371,8
20372,9
20373,11
20374,18
20375,13
20376,11
20377,7
20378,6
20379,8
20380,4
20381,11
20382,8
20383,8
20384,7
20385,11
20386,9
20387,10
20388,10
20389,5
20390,9
20391,9
20392,11
20393,15
20394,7
20395,10
20396,15
20397,10
20398,11
20399,9
20400,10
20401,8
20402,14
20403,6
20404,11
20405,11
20406,7
20407,10
20408,10
20409,7
20410,6
20411,8
20412,7
20413,14
20414,7
20415,11
20416,8
20417,11
20418,11
20419,11
20420,10
20421,7
20422,11
20423,9
20424,5
20425,9
20426,10
20427,9
20428,11
20429,14
20430,8
20431,7
20432,11
20433,7
20434,10
20435,6
20436,14
20437,6
20438,9
20439,6
20440,7
20441,7
20442,10
20443,10
20444,10
20445,11
20446,17
20447,10
20448,11
20449,7
20450,16
20451,11
20452,8
20453,9
20454,7
20455,11
20456,12
20457,6
20458,6
20459,8
20460,10
20461,13
20462,7
20463,9
20464,8
20465,7
20466,15
20467,9
20468,15
20469,12
20470,9
20471,9
20472,11
20473,11
20474,9
20475,14
20476,11
20477,11
20478,5
20479,12
20480,12
20481,12
20482,10
20483,7
20484,15
20485,12
20486,10
20487,10
20488,11
20489,14
20490,5
20491,10
20492,10
20493,9
20494,8
20495,5
20496,12
20497,7
20498,10
20499,11
20500,10
20501,12
20502,7
20503,9
20504,11
20505,10
20506,8
20507,11
20508,7
20509,8
20510,12
20511,8
20512,10
20513,8
20514,9
20515,7
20516,16
20517,11
20518,10
20519,8
20520,11
20521,9
20522,11
20523,11
20524,11
20525,10
20526,11
20527,5
20528,6
20529,13
20530,18
20531,6
20532,9
20533,6
20534,7
20535,5
20536,17
20537,8
20538,12
20539,10
20540,9
20541,8
20542,9
20543,8
20544,11
20545,10
20546,12
20547,8
20548,10
20549,9
20550,4
20551,11
20552,9
20553,10
20554,12
20555,12
20556,12
20557,14
20558,9
20559,8
20560,12
20561,12
20562,13
20563,6
20564,16
20565,10
20566,11
20567,7
20568,11
20569,10
20570,11
20571,6
20572,9
20573,10
20574,11
20575,10
20576,9
20577,15
20578,13
20579,9
20580,9
20581,10
20582,15
20583,9
20584,7
20585,8
20586,9
20587,11
20588,8
20589,6
20590,7
20591,9
20592,6
20593,6
20594,11
20595,15
20596,10
20597,10
20598,11
20599,8
20600,11
20601,11
20602,9
20603,8
20604,8
20605,10
20606,11
20607,6
20608,13
20609,7
20610,10
20611,9
20612,14
20613,12
20614,10
20615,10
20616,5
20617,7
20618,12
20619,11
20620,12
20621,11
20622,6
20623,6
20624,11
20625,12
20626,11
20627,11
20628,10
20629,10
20630,14
20631,13
20632,7
20633,11
20634,8
20635,13
20636,10
20637,11
20638,11
20639,8
20640,10
20641,10
20642,5
20643,10
20644,15
20645,11
20646,10
20647,11
20648,4
20649,10
20650,9
20651,8
20652,14
20653,7
20654,10
20655,11
20656,12
20657,10
20658,9
20659,9
20660,8
20661,7
20662,13
20663,15
20664,8
20665,10
20666,10
20667,11
20668,10
20669,9
20670,8
20671,11
20672,14
20673,9
20674,11
20675,14
20676,9
20677,7
20678,11
20679,6
20680,8
20681,16
20682,16
20683,8
20684,10
20685,9
20686,10
20687,10
20688,13
20689,9
20690,9
20691,10
20692,7
20693,10
20694,8
20695,10
20696,8
20697,9
20698,15
20699,17
20700,6
20701,8
20702,13
20703,11
20704,9
20705,14
20706,10
20707,7
20708,10
20709,10
20710,8
20711,10
20712,6
20713,10
20714,8
20715,11
20716,7
20717,9
20718,7
20719,12
20720,9
20721,7
20722,11
20723,12
20724,9
20725,12
20726,7
20727,13
20728,10
20729,9
20730,12
20731,12
20732,7
20733,12
20734,10
20735,10
20736,11
20737,12
20738,18
20739,13
20740,12
20741,8
20742,9
20743,9
20744,8
20745,6
20746,5
20747,9
20748,10
20749,10
20750,10
20751,13
20752,9
20753,15
20754,10
20755,11
20756,13
20757,7
20758,12
20759,7
20760,6
20761,13
20762,11
20763,9
20764,9
20765,9
20766,7
20767,8
20768,8
20769,11
20770,9
20771,11
20772,11
20773,13
20774,9
20775,15
20776,10
20777,9
20778,8
20779,10
20780,14
20781,5
20782,13
20783,16
20784,6
20785,9
20786,11
20787,10
20788,7
20789,10
20790,10
20791,6
20792,10
20793,14
20794,6
20795,7
20796,7
20797,9
20798,10
20799,12
20800,5
20801,10
20802,15
20803,7
20804,9
20805,9
20806,11
20807,9
20808,5
20809,10
20810,14
20811,11
20812,5
20813,13
20814,10
20815,9
20816,11
20817,9
20818,8
20819,12
20820,7
20821,14
20822,7
20823,13
20824,15
20825,10
20826,11
20827,7
20828,10
20829,7
20830,9
20831,10
20832,10
20833,9
20834,7
20835,7
20836,7
20837,9
20838,12
20839,5
20840,7
20841,7
20842,10
20843,13
20844,14
20845,11
20846,17
20847,11
20848,11
20849,8
20850,6
20851,10
20852,15
20853,10
20854,9
20855,11
20856,14
20857,14
20858,6
20859,10
20860,12
20861,8
20862,5
20863,15
20864,9
20865,8
20866,6
20867,11
20868,7
20869,11
20870,13
20871,10
20872,12
20873,10
20874,9
20875,18
20876,9
20877,9
20878,10
20879,11
20880,5
20881,7
20882,9
20883,9
20884,9
20885,12
20886,10
20887,10
20888,6
20889,7
20890,7
20891,11
20892,16
20893,11
20894,8
20895,14
20896,10
20897,10
20898,12
20899,15
20900,10
20901,16
20902,7
20903,8
20904,9
20905,8
20906,10
20907,9
20908,11
20909,10
20910,11
20911,15
20912,12
20913,8
20914,10
20915,11
20916,10
20917,6
20918,11
20919,10
20920,13
20921,7
20922,6
20923,13
20924,11
20925,12
20926,8
20927,6
20928,10
20929,9
20930,12
20931,8
20932,11
20933,8
20934,11
20935,6
20936,10
20937,10
20938,9
20939,7
20940,8
20941,8
20942,9
20943,13
20944,7
20945,9
20946,11
20947,9
20948,10
20949,13
20950,11
20951,12
20952,9
20953,9
20954,10
20955,5
20956,7
20957,10
20958,7
20959,7
20960,7
20961,13
20962,10
20963,7
20964,14
20965,9
20966,7
20967,11
20968,6
20969,11
20970,10
20971,14
20972,6
20973,9
20974,13
20975,4
20976,14
20977,11
20978,10
20979,5
20980,11
20981,14
20982,10
20983,8
20984,11
20985,12
20986,7
20987,9
20988,10
20989,11
20990,14
20991,5
20992,9
20993,11
20994,11
20995,10
20996,10
20997,9
20998,10
20999,8
21000,9
21001,17
21002,11
21003,7
21004,9
21005,12
21006,14
21007,13
21008,9
21009,13
21010,9
21011,6
21012,9
21013,9
21014,11
21015,10
21016,6
21017,9
21018,10
21019,14
21020,9
21021,10
21022,11
21023,7
21024,11
21025,15
21026,11
21027,9
21028,9
21029,10
21030,12
21031,10
21032,10
21033,11
21034,9
21035,10
21036,7
21037,12
21038,10
21039,10
21040,11
21041,15
21042,7
21043,11
21044,8
21045,9
21046,9
21047,11
21048,10
21049,6
21050,10
21051,11
21052,7
21053,5
21054,12
21055,10
21056,13
21057,8
21058,10
21059,9
21060,11
21061,9
21062,11
21063,8
21064,8
21065,12
21066,7
21067,10
21068,17
21069,8
21070,15
21071,11
21072,6
21073,6
21074,13
21075,10
21076,7
21077,7
21078,9
21079,16
21080,10
21081,7
21082,6
21083,5
21084,11
21085,7
21086,5
21087,10
21088,10
21089,8
21090,11
21091,12
21092,10
21093,9
21094,7
21095,10
21096,11
21097,7
21098,15
21099,9
21100,11
21101,11
21102,10
21103,11
21104,10
21105,5
21106,6
21107,12
21108,16
21109,11
21110,10
21111,10
21112,11
21113,8
21114,8
21115,16
21116,10
21117,13
21118,12
21119,11
21120,8
21121,8
21122,13
21123,6
21124,11
21125,12
21126,10
21127,5
21128,14
21129,8
21130,10
21131,11
21132,11
21133,7
21134,11
21135,8
21136,9
21137,9
21138,9
21139,7
21140,11
21141,9
21142,9
21143,10
21144,11
21145,16
21146,10
21147,12
21148,10
21149,14
21150,8
21151,9
21152,6
21153,12
21154,7
21155,11
21156,13
21157,9
21158,12
21159,13
21160,9
21161,11
21162,7
21163,8
21164,11
21165,11
21166,9
21167,7
21168,7
21169,9
21170,17
21171,11
21172,9
21173,11
21174,11
21175,10
21176,11
21177,6
21178,9
21179,13
21180,9
21181,11
21182,8
21183,13
21184,14
21185,8
21186,7
21187,8
21188,11
21189,7
21190,12
21191,10
21192,12
21193,11
21194,11
21195,7
21196,10
21197,10
21198,10
21199,10
21200,11
21201,12
21202,7
21203,8
21204,10
21205,7
21206,12
21207,10
21208,11
21209,9
21210,10
21211,9
21212,13
21213,12
21214,13
21215,7
21216,7
21217,14
21218,11
21219,11
21220,6
21221,7
21222,9
21223,8
21224,9
21225,13
21226,15
21227,15
21228,11
21229,9
21230,13
21231,14
21232,12
21233,13
21234,11
21235,9
21236,10
21237,9
21238,13
21239,9
21240,11
21241,10
21242,10
21243,8
21244,9
21245,7
21246,8
21247,13
21248,16
21249,14
21250,11
21251,10
21252,10
21253,12
21254,13
21255,7
21256,11
21257,11
21258,10
21259,15
21260,12
21261,10
21262,11
21263,13
21264,10
21265,7
21266,7
21267,9
21268,13
21269,14
21270,11
21271,11
21272,14
21273,8
21274,10
21275,14
21276,11
21277,11
21278,7
21279,10
21280,12
21281,10
21282,8
21283,11
21284,6
21285,7
21286,11
21287,6
21288,12
21289,10
21290,6
21291,6
21292,11
21293,11
21294,11
21295,8
21296,10
21297,14
21298,10
21299,9
21300,10
21301,11
21302,11
21303,10
21304,10
21305,5
21306,12
21307,9
21308,11
21309,8
21310,7
21311,15
21312,8
21313,10
21314,17
21315,9
21316,12
21317,10
21318,13
21319,7
21320,11
21321,9
21322,5
21323,9
21324,9
21325,10
21326,11
21327,7
21328,13
21329,10
21330,10
21331,11
21332,9
21333,8
21334,14
21335,5
21336,6
21337,12
21338,17
21339,6
21340,9
21341,10
21342,12
21343,7
21344,7
21345,9
21346,10
21347,10
21348,9
21349,7
21350,6
21351,11
21352,11
21353,9
21354,10
21355,13
21356,17
21357,11
21358,11
21359,7
21360,10
21361,9
21362,10
21363,7
21364,9
21365,11
21366,11
21367,12
21368,14
21369,7
21370,11
21371,8
21372,11
21373,9
21374,12
21375,10
21376,10
21377,11
21378,12
21379,7
21380,12
21381,10
21382,9
21383,4
21384,13
21385,10
21386,11
21387,6
21388,12
21389,10
21390,7
21391,10
21392,7
21393,10
21394,15
21395,7
21396,12
21397,12
21398,8
21399,10
21400,11
21401,7
21402,15
21403,12
21404,11
21405,13
21406,13
21407,10
21408,7
21409,10
21410,10
21411,4
21412,11
21413,9
21414,12
21415,11
21416,9
21417,19
21418,9
21419,8
21420,8
21421,10
21422,13
21423,11
21424,15
21425,9
21426,10
21427,12
21428,6
21429,12
21430,10
21431,12
21432,10
21433,7
21434,10
21435,7
21436,6
21437,10
21438,11
21439,7
21440,6
21441,12
21442,11
21443,8
21444,12
21445,10
21446,11
21447,9
21448,4
21449,6
21450,9
21451,13
21452,10
21453,15
21454,8
21455,10
21456,14
21457,12
21458,6
21459,10
21460,10
21461,11
21462,10
21463,11
21464,7
21465,9
21466,9
21467,11
21468,11
21469,11
21470,11
21471,10
21472,11
21473,9
21474,10
21475,13
21476,11
21477,11
21478,12
21479,8
21480,9
21481,10
21482,10
21483,15
21484,16
21485,12
21486,9
21487,10
21488,5
21489,11
21490,9
21491,10
21492,16
21493,14
21494,7
21495,12
21496,11
21497,11
21498,8
21499,12
21500,10
21501,17
21502,9
21503,11
21504,9
21505,10
21506,10
21507,11
21508,8
21509,6
21510,9
21511,15
21512,7
21513,14
21514,11
21515,12
21516,11
21517,11
21518,9
21519,6
21520,5
21521,11
21522,8
21523,7
21524,8
21525,8
21526,8
21527,11
21528,6
21529,7
21530,7
21531,9
21532,15
21533,4
21534,15
21535,9
21536,10
21537,11
21538,9
21539,11
21540,10
21541,11
21542,19
21543,8
21544,10
21545,5
21546,7
21547,11
21548,7
21549,10
21550,8
21551,9
21552,10
21553,13
21554,11
21555,10
21556,9
21557,8
21558,9
21559,12
21560,7
21561,7
21562,11
21563,9
21564,7
21565,14
21566,15
21567,5
21568,11
21569,10
21570,8
21571,14
21572,13
21573,9
21574,10
21575,8
21576,9
21577,12
21578,6
21579,9
21580,11
21581,12
21582,15
21583,13
21584,9
21585,12
21586,8
21587,17
21588,10
21589,14
21590,10
21591,10
21592,14
21593,11
21594,8
21595,8
21596,16
21597,19
21598,6
21599,10
21600,10
21601,10
21602,10
21603,11
21604,10
21605,10
21606,12
21607,10
21608,11
21609,7
21610,8
21611,11
21612,6
21613,11
21614,7
21615,14
21616,11
21617,7
21618,6
21619,9
21620,8
21621,7
21622,10
21623,7
21624,8
21625,10
21626,11
21627,6
21628,6
21629,7
21630,9
21631,11
21632,7
21633,7
21634,11
21635,9
21636,11
21637,10
21638,11
21639,10
21640,11
21641,12
21642,8
21643,5
21644,11
21645,7
21646,8
21647,9
21648,10
21649,11
21650,16
21651,8
21652,9
21653,7
21654,11
21655,7
21656,10
21657,11
21658,7
21659,7
21660,9
21661,14
21662,11
21663,14
21664,9
21665,11
21666,10
21667,9
21668,12
21669,12
21670,16
21671,10
21672,8
21673,7
21674,8
21675,14
21676,8
21677,11
21678,13
21679,11
21680,11
21681,8
21682,10
21683,8
21684,13
21685,5
21686,13
21687,11
21688,9
21689,16
21690,11
21691,6
21692,6
21693,8
21694,11
21695,11
21696,10
21697,11
21698,10
21699,17
21700,6
21701,11
21702,11
21703,15
21704,9
21705,11
21706,14
21707,8
21708,11
21709,10
21710,12
21711,15
21712,7
21713,7
21714,7
21715,19
21716,11
21717,10
21718,7
21719,10
21720,6
21721,14
21722,9
21723,11
21724,10
21725,10
21726,11
21727,9
21728,11
21729,11
21730,7
21731,6
21732,12
21733,12
21734,11
21735,12
21736,10
21737,8
21738,10
21739,5
21740,7
21741,9
21742,11
21743,13
21744,10
21745,11
21746,9
21747,13
21748,7
21749,7
21750,11
21751,6
21752,8
21753,13
21754,10
21755,8
21756,11
21757,15
21758,10
21759,8
21760,8
21761,8
21762,10
21763,10
21764,12
21765,7
21766,8
21767,9
21768,5
21769,10
21770,9
21771,8
21772,6
21773,4
21774,11
21775,10
21776,9
21777,11
21778,16
21779,10
21780,8
21781,12
21782,7
21783,11
21784,7
21785,7
21786,10
21787,11
21788,10
21789,9
21790,8
21791,10
21792,10
21793,8
21794,12
21795,8
21796,12
21797,8
21798,10
21799,10
21800,13
21801,8
21802,10
21803,8
21804,8
21805,6
21806,6
21807,9
21808,6
21809,10
21810,9
21811,9
21812,16
21813,11
21814,16
21815,12
21816,7
21817,11
21818,10
21819,11
21820,8
21821,11
21822,10
21823,10
21824,9
21825,9
21826,6
21827,12
21828,6
21829,11
21830,7
21831,11
21832,9
21833,12
21834,6
21835,13
21836,11
21837,9
21838,7
21839,12
21840,10
21841,12
21842,7
21843,11
21844,10
21845,12
21846,15
21847,10
21848,9
21849,9
21850,9
21851,11
21852,9
21853,7
21854,11
21855,8
21856,14
21857,11
21858,7
21859,7
21860,18
21861,10
21862,11
21863,11
21864,11
21865,10
21866,11
21867,9
21868,13
21869,17
21870,11
21871,12
21872,14
21873,15
21874,8
21875,12
21876,10
21877,10
21878,6
21879,11
21880,15
21881,10
21882,9
21883,6
21884,8
21885,9
21886,9
21887,9
21888,10
21889,11
21890,10
21891,11
21892,9
21893,9
21894,11
21895,10
21896,9
21897,7
21898,8
21899,9
21900,14
21901,11
21902,11
21903,8
21904,11
21905,12
21906,6
21907,7
21908,6
21909,9
21910,11
21911,10
21912,8
21913,13
21914,15
21915,10
21916,10
21917,13
21918,12
21919,9
21920,16
21921,11
21922,11
21923,16
21924,7
21925,9
21926,8
21927,10
21928,16
21929,8
21930,10
21931,15
21932,12
21933,8
21934,12
21935,10
21936,9
21937,11
21938,10
21939,9
21940,10
21941,8
21942,6
21943,14
21944,8
21945,10
21946,11
21947,9
21948,12
21949,13
21950,6
21951,11
21952,10
21953,11
21954,11
21955,9
21956,13
21957,11
21958,10
21959,7
21960,10
21961,11
21962,11
21963,11
21964,7
21965,15
21966,7
21967,9
21968,11
21969,9
21970,9
21971,10
21972,10
21973,10
21974,14
21975,5
21976,11
21977,6
21978,7
21979,11
21980,7
21981,10
21982,10
21983,5
21984,7
21985,10
21986,9
21987,11
21988,11
21989,12
21990,15
21991,12
21992,7
21993,7
21994,17
21995,15
21996,11
21997,12
21998,9
21999,14
22000,4
22001,8
22002,11
22003,11
22004,9
22005,14
22006,8
22007,12
22008,8
22009,11
22010,7
22011,11
22012,11
22013,5
22014,10
22015,10
22016,8
22017,4
22018,13
22019,7
22020,7
22021,8
22022,10
22023,9
22024,10
22025,11
22026,9
22027,8
22028,9
22029,7
22030,9
22031,10
22032,9
22033,10
22034,11
22035,10
22036,10
22037,14
22038,12
22039,9
22040,12
22041,7
22042,9
22043,18
22044,10
22045,11
22046,6
22047,4
22048,8
22049,12
22050,8
22051,9
22052,7
22053,11
22054,6
22055,11
22056,11
22057,9
22058,10
22059,11
22060,10
22061,11
22062,11
22063,12
22064,7
22065,13
22066,7
22067,12
22068,7
22069,11
22070,6
22071,10
22072,6
22073,8
22074,15
22075,7
22076,10
22077,12
22078,8
22079,11
22080,8
22081,9
22082,14
22083,12
22084,12
22085,8
22086,11
22087,12
22088,9
22089,7
22090,9
22091,8
22092,16
22093,7
22094,7
22095,16
22096,13
22097,5
22098,10
22099,8
22100,7
22101,10
22102,7
22103,7
22104,11
22105,6
22106,14
22107,14
22108,11
22109,8
22110,8
22111,9
22112,13
22113,8
22114,6
22115,9
22116,7
22117,11
22118,11
22119,14
22120,11
22121,8
22122,10
22123,12
22124,8
22125,18
22126,19
22127,9
22128,12
22129,10
22130,11
22131,12
22132,8
22133,7
22134,12
22135,10
22136,10
22137,8
22138,7
22139,9
22140,10
22141,10
22142,5
22143,10
22144,10
22145,10
22146,5
22147,6
22148,9
22149,8
22150,9
22151,7
22152,11
22153,20
22154,9
22155,10
22156,7
22157,7
22158,12
22159,7
22160,13
22161,10
22162,9
22163,12
22164,6
22165,11
22166,6
22167,15
22168,9
22169,11
22170,6
22171,11
22172,5
22173,10
22174,10
22175,11
22176,10
22177,9
22178,7
22179,7
22180,9
22181,5
22182,13
22183,8
22184,15
22185,9
22186,7
22187,8
22188,7
22189,8
22190,10
22191,12
22192,10
22193,11
22194,5
22195,12
22196,17
22197,10
22198,10
22199,10
22200,8
22201,7
22202,11
22203,17
22204,5
22205,14
22206,12
22207,15
22208,11
22209,10
22210,9
22211,10
22212,13
22213,7
22214,9
22215,8
22216,13
22217,9
22218,4
22219,8
22220,10
22221,11
22222,11
22223,6
22224,13
22225,15
22226,7
22227,9
22228,7
22229,6
22230,6
22231,9
22232,6
22233,11
22234,10
22235,15
22236,11
22237,8
22238,10
22239,9
22240,6
22241,17
22242,15
22243,11
22244,9
22245,11
22246,11
22247,13
22248,13
22249,10
22250,15
22251,7
22252,10
22253,9
22254,8
22255,10
22256,10
22257,9
22258,9
22259,10
22260,10
22261,6
22262,10
22263,12
22264,15
22265,10
22266,11
22267,12
22268,9
22269,10
22270,6
22271,16
22272,9
22273,10
22274,13
22275,15
22276,9
22277,8
22278,7
22279,13
22280,9
22281,8
22282,4
22283,11
22284,9
22285,8
22286,7
22287,9
22288,9
22289,17
22290,12
22291,7
22292,8
22293,12
22294,11
22295,10
22296,7
22297,11
22298,11
22299,11
22300,11
22301,9
22302,12
22303,10
22304,7
22305,7
22306,10
22307,6
22308,9
22309,10
22310,11
22311,7
22312,9
22313,8
22314,9
22315,11
22316,8
22317,9
22318,17
22319,17
22320,6
22321,4
22322,11
22323,10
22324,12
22325,10
22326,8
22327,5
22328,9
22329,11
22330,11
22331,9
22332,8
22333,9
22334,10
22335,8
22336,13
22337,11
22338,7
22339,11
22340,9
22341,10
22342,7
22343,9
22344,11
22345,13
22346,8
22347,12
22348,5
22349,11
22350,13
22351,7
22352,9
22353,6
22354,6
22355,8
22356,7
22357,17
22358,9
22359,10
22360,9
22361,7
22362,6
22363,10
22364,15
22365,10
22366,10
22367,11
22368,11
22369,11
22370,9
22371,15
22372,10
22373,4
22374,9
22375,11
22376,12
22377,5
22378,12
22379,9
22380,13
22381,11
22382,6
22383,10
22384,10
22385,8
22386,14
22387,11
22388,7
22389,7
22390,12
22391,12
22392,13
22393,11
22394,11
22395,11
22396,12
22397,8
22398,10
22399,8
22400,11
22401,14
22402,7
22403,15
22404,12
22405,13
22406,10
22407,9
22408,15
22409,11
22410,9
22411,12
22412,17
22413,12
22414,10
22415,7
22416,14
22417,8
22418,9
22419,6
22420,8
22421,6
22422,11
22423,10
22424,9
22425,10
22426,10
22427,13
22428,11
22429,10
22430,9
22431,8
22432,12
22433,10
22434,9
22435,14
22436,17
22437,6
22438,10
22439,12
22440,10
22441,6
22442,11
22443,14
22444,5
22445,7
22446,12
22447,14
22448,14
22449,6
22450,11
22451,8
22452,10
22453,10
22454,8
22455,8
22456,11
22457,8
22458,10
22459,7
22460,9
22461,10
22462,11
22463,11
22464,10
22465,9
22466,10
22467,11
22468,11
22469,9
22470,9
22471,9
22472,11
22473,6
22474,11
22475,11
22476,8
22477,13
22478,10
22479,6
22480,10
22481,13
22482,10
22483,8
22484,11
22485,15
22486,11
22487,12
22488,9
22489,12
22490,10
22491,9
22492,15
22493,13
22494,13
22495,10
22496,8
22497,7
22498,10
22499,12
22500,7
22501,11
22502,10
22503,13
22504,9
22505,9
22506,11
22507,7
22508,11
22509,10
22510,16
22511,8
22512,10
22513,9
22514,10
22515,12
22516,12
22517,5
22518,6
22519,10
22520,9
22521,9
22522,7
22523,14
22524,12
22525,9
22526,17
22527,6
22528,9
22529,8
22530,10
22531,11
22532,12
22533,13
22534,13
22535,5
22536,10
22537,13
22538,11
22539,14
22540,10
22541,7
22542,11
22543,5
22544,9
22545,4
22546,11
22547,12
22548,9
22549,14
22550,8
22551,9
22552,9
22553,10
22554,12
22555,7
22556,15
22557,10
22558,9
22559,8
22560,11
22561,5
22562,10
22563,13
22564,11
22565,10
22566,7
22567,14
22568,11
22569,12
22570,12
22571,8
22572,11
22573,10
22574,17
22575,12
22576,14
22577,14
22578,11
22579,5
22580,15
22581,10
22582,10
22583,6
22584,11
22585,12
22586,10
22587,8
22588,15
22589,10
22590,9
22591,13
22592,7
22593,10
22594,11
22595,12
22596,11
22597,6
22598,9
22599,9
22600,10
22601,13
22602,7
22603,13
22604,10
22605,10
22606,12
22607,8
22608,9
22609,5
22610,11
22611,12
22612,14
22613,7
22614,11
22615,9
22616,8
22617,10
22618,11
22619,9
22620,11
22621,13
22622,10
22623,10
22624,11
22625,9
22626,11
22627,11
22628,10
22629,7
22630,10
22631,7
22632,6
22633,10
22634,8
22635,10
22636,8
22637,6
22638,9
22639,10
22640,11
22641,10
22642,4
22643,10
22644,10
22645,13
22646,14
22647,9
22648,9
22649,11
22650,9
22651,11
22652,8
22653,7
22654,9
22655,7
22656,12
22657,7
22658,6
22659,7
22660,12
22661,11
22662,14
22663,17
22664,6
22665,17
22666,11
22667,8
22668,11
22669,7
22670,12
22671,6
22672,10
22673,15
22674,15
22675,12
22676,5
22677,9
22678,9
22679,13
22680,10
22681,10
22682,9
22683,11
22684,14
22685,7
22686,12
22687,14
22688,11
22689,13
22690,12
22691,11
22692,14
22693,10
22694,12
22695,10
22696,12
22697,12
22698,11
22699,9
22700,11
22701,10
22702,11
22703,10
22704,10
22705,9
22706,8
22707,15
22708,8
22709,11
22710,7
22711,10
22712,9
22713,10
22714,14
22715,11
22716,10
22717,16
22718,8
22719,11
22720,11
22721,13
22722,11
22723,12
22724,10
22725,14
22726,9
22727,9
22728,11
22729,8
22730,13
22731,8
22732,10
22733,9
22734,17
22735,7
22736,10
22737,9
22738,10
22739,11
22740,7
22741,6
22742,8
22743,10
22744,9
22745,13
22746,11
22747,10
22748,5
22749,10
22750,10
22751,9
22752,7
22753,12
22754,6
22755,7
22756,12
22757,8
22758,8
22759,10
22760,7
22761,12
22762,10
22763,10
22764,12
22765,12
22766,8
22767,10
22768,9
22769,11
22770,10
22771,14
22772,11
22773,14
22774,17
22775,9
22776,7
22777,11
22778,9
22779,9
22780,10
22781,11
22782,9
22783,10
22784,11
22785,9
22786,10
22787,5
22788,8
22789,7
22790,7
22791,8
22792,12
22793,11
22794,8
22795,8
22796,15
22797,11
22798,11
22799,8
22800,10
22801,8
22802,10
22803,18
22804,10
22805,12
22806,17
22807,7
22808,5
22809,9
22810,11
22811,11
22812,9
22813,10
22814,9
22815,8
22816,13
22817,11
22818,10
22819,9
22820,10
22821,11
22822,6
22823,11
22824,9
22825,12
22826,11
22827,17
22828,8
22829,12
22830,10
22831,11
22832,7
22833,15
22834,10
22835,8
22836,10
22837,7
22838,10
22839,11
22840,10
22841,10
22842,11
22843,10
22844,11
22845,15
22846,7
22847,10
22848,8
22849,10
22850,7
22851,12
22852,7
22853,7
22854,9
22855,5
22856,7
22857,9
22858,7
22859,10
22860,8
22861,6
22862,11
22863,7
22864,9
22865,15
22866,11
22867,11
22868,10
22869,6
22870,10
22871,8
22872,9
22873,10
22874,11
22875,11
22876,11
22877,6
22878,14
22879,7
22880,9
22881,8
22882,7
22883,10
22884,11
22885,9
22886,8
22887,10
22888,11
22889,14
22890,11
22891,12
22892,10
22893,13
22894,11
22895,11
22896,10
22897,11
22898,12
22899,12
22900,8
22901,12
22902,10
22903,10
22904,6
22905,8
22906,10
22907,7
22908,10
22909,12
22910,8
22911,10
22912,7
22913,4
22914,9
22915,11
22916,11
22917,11
22918,11
22919,10
22920,9
22921,10
22922,11
22923,9
22924,14
22925,7
22926,9
22927,10
22928,16
22929,7
22930,11
22931,11
22932,7
22933,8
22934,15
22935,10
22936,10
22937,12
22938,13
22939,15
22940,11
22941,11
22942,8
22943,5
22944,15
22945,9
22946,10
22947,6
22948,11
22949,10
22950,8
22951,11
22952,11
22953,9
22954,11
22955,11
22956,12
22957,9
22958,10
22959,10
22960,13
22961,11
22962,9
22963,13
22964,4
22965,10
22966,10
22967,11
22968,11
22969,7
22970,10
22971,10
22972,9
22973,8
22974,11
22975,7
22976,10
22977,7
22978,14
22979,8
22980,9
22981,10
22982,7
22983,11
22984,5
22985,14
22986,11
22987,11
22988,10
22989,9
22990,10
22991,13
22992,6
22993,11
22994,10
22995,10
22996,7
22997,8
22998,8
22999,7
23000,10
23001,7
23002,6
23003,16
23004,10
23005,9
23006,9
23007,6
23008,9
23009,11
23010,14
23011,12
23012,6
23013,7
23014,7
23015,11
23016,11
23017,8
23018,11
23019,12
23020,8
23021,10
23022,9
23023,10
23024,10
23025,9
23026,11
23027,7
23028,11
23029,11
23030,10
23031,12
23032,9
23033,13
23034,10
23035,10
23036,14
23037,9
23038,12
23039,9
23040,11
23041,11
23042,9
23043,11
23044,12
23045,14
23046,11
23047,9
23048,16
23049,7
23050,11
23051,10
23052,9
23053,10
23054,10
23055,7
23056,11
23057,7
23058,6
23059,11
23060,16
23061,8
23062,18
23063,10
23064,6
23065,12
23066,8
23067,9
23068,10
23069,8
23070,9
23071,16
23072,11
23073,11
23074,9
23075,10
23076,9
23077,10
23078,9
23079,11
23080,18
23081,9
23082,15
23083,10
23084,9
23085,10
23086,9
23087,11
23088,15
23089,10
23090,15
23091,10
23092,8
23093,8
23094,11
23095,11
23096,8
23097,13
23098,10
23099,9
23100,13
23101,10
23102,10
23103,5
23104,11
23105,13
23106,12
23107,13
23108,10
23109,7
23110,8
23111,6
23112,11
23113,8
23114,10
23115,4
23116,11
23117,6
23118,10
23119,15
23120,11
23121,11
23122,10
23123,11
23124,10
23125,11
23126,14
23127,11
23128,6
23129,9
23130,5
23131,14
23132,9
23133,9
23134,12
23135,10
23136,6
23137,11
23138,15
23139,7
23140,8
23141,12
23142,9
23143,10
23144,11
23145,8
23146,11
23147,6
23148,7
23149,13
23150,8
23151,6
23152,5
23153,8
23154,12
23155,14
23156,8
23157,11
23158,7
23159,6
23160,10
23161,10
23162,13
23163,11
23164,12
23165,9
23166,11
23167,12
23168,9
23169,7
23170,9
23171,11
23172,7
23173,7
23174,10
23175,11
23176,11
23177,10
23178,11
23179,12
23180,13
23181,9
23182,7
23183,12
23184,13
23185,5
23186,11
23187,9
23188,4
23189,11
23190,12
23191,15
23192,11
23193,8
23194,9
23195,10
23196,11
23197,5
23198,5
23199,8
23200,5
23201,10
23202,8
23203,9
23204,7
23205,10
23206,10
23207,11
23208,6
23209,11
23210,8
23211,6
23212,12
23213,12
23214,12
23215,7
23216,10
23217,6
23218,10
23219,11
23220,12
23221,11
23222,12
23223,5
23224,8
23225,5
23226,9
23227,12
23228,10
23229,6
23230,8
23231,9
23232,5
23233,11
23234,12
23235,11
23236,13
23237,12
23238,13
23239,12
23240,13
23241,9
23242,9
23243,7
23244,8
23245,14
23246,12
23247,9
23248,7
23249,9
23250,7
23251,11
23252,7
23253,17
23254,12
23255,12
23256,13
23257,7
23258,9
23259,10
23260,8
23261,5
23262,10
23263,11
23264,10
23265,11
23266,9
23267,12
23268,9
23269,17
23270,10
23271,10
23272,6
23273,11
23274,11
23275,16
23276,9
23277,15
23278,11
23279,7
23280,8
23281,9
23282,11
23283,10
23284,10
23285,6
23286,13
23287,16
23288,11
23289,10
23290,12
23291,10
23292,7
23293,9
23294,8
23295,11
23296,8
23297,8
23298,10
23299,6
23300,13
23301,9
23302,11
23303,10
23304,11
23305,10
23306,10
23307,9
23308,7
23309,12
23310,14
23311,11
23312,4
23313,9
23314,4
23315,8
23316,8
23317,12
23318,11
23319,11
23320,9
23321,16
23322,13
23323,9
23324,11
23325,7
23326,10
23327,10
23328,6
23329,5
23330,12
23331,5
23332,10
23333,9
23334,9
23335,8
23336,10
23337,11
23338,10
23339,13
23340,6
23341,6
23342,7
23343,10
23344,12
23345,13
23346,11
23347,7
23348,9
23349,6
23350,9
23351,10
23352,10
23353,9
23354,14
23355,10
23356,13
23357,10
23358,8
23359,10
23360,5
23361,9
23362,11
23363,9
23364,13
23365,11
23366,8
23367,14
23368,6
23369,13
23370,7
23371,11
23372,7
23373,7
23374,9
23375,11
23376,13
23377,8
23378,13
23379,6
23380,13
23381,11
23382,12
23383,5
23384,8
23385,8
23386,11
23387,12
23388,10
23389,6
23390,10
23391,9
23392,9
23393,10
23394,10
23395,8
23396,6
23397,10
23398,10
23399,12
23400,10
23401,6
23402,12
23403,10
23404,9
23405,11
23406,10
23407,13
23408,11
23409,5
23410,12
23411,8
23412,10
23413,11
23414,9
23415,7
23416,8
23417,8
23418,12
23419,13
23420,12
23421,9
23422,8
23423,10
23424,6
23425,8
23426,11
23427,15
23428,9
23429,14
23430,7
23431,10
23432,8
23433,10
23434,12
23435,11
23436,12
23437,9
23438,15
23439,5
23440,9
23441,6
23442,9
23443,11
23444,9
23445,13
23446,11
23447,9
23448,10
23449,12
23450,7
23451,9
23452,7
23453,4
23454,13
23455,10
23456,11
23457,15
23458,7
23459,10
23460,10
23461,12
23462,11
23463,7
23464,8
23465,9
23466,11
23467,10
23468,10
23469,9
23470,10
23471,7
23472,9
23473,11
23474,15
23475,7
23476,11
23477,12
23478,12
23479,13
23480,10
23481,7
23482,7
23483,11
23484,9
23485,8
23486,6
23487,11
23488,15
23489,10
23490,12
23491,11
23492,13
23493,13
23494,6
23495,11
23496,7
23497,13
23498,9
23499,9
23500,10
23501,11
23502,10
23503,8
23504,11
23505,11
23506,11
23507,11
23508,10
23509,11
23510,11
23511,11
23512,10
23513,9
23514,6
23515,11
23516,13
23517,11
23518,6
23519,11
23520,9
23521,8
23522,10
23523,13
23524,11
23525,10
23526,11
23527,7
23528,12
23529,9
23530,7
23531,12
23532,13
23533,10
23534,11
23535,10
23536,8
23537,9
23538,9
23539,11
23540,10
23541,9
23542,9
23543,7
23544,13
23545,6
23546,9
23547,5
23548,12
23549,12
23550,5
23551,9
23552,11
23553,10
23554,10
23555,5
23556,9
23557,10
23558,12
23559,8
23560,9
23561,13
23562,10
23563,10
23564,10
23565,9
23566,9
23567,11
23568,8
23569,17
23570,15
23571,17
23572,11
23573,6
23574,8
23575,11
23576,10
23577,9
23578,11
23579,9
23580,9
23581,7
23582,10
23583,6
23584,7
23585,9
23586,7
23587,13
23588,10
23589,14
23590,7
23591,7
23592,11
23593,13
23594,9
23595,11
23596,7
23597,8
23598,12
23599,11
23600,7
23601,11
23602,8
23603,10
23604,9
23605,13
23606,9
23607,4
23608,4
23609,11
23610,11
23611,11
23612,8
23613,9
23614,7
23615,11
23616,10
23617,11
23618,11
23619,9
23620,11
23621,9
23622,8
23623,12
23624,11
23625,11
23626,7
23627,11
23628,6
23629,9
23630,13
23631,9
23632,11
23633,9
23634,10
23635,10
23636,10
23637,9
23638,12
23639,11
23640,11
23641,8
23642,8
23643,12
23644,10
23645,14
23646,18
23647,12
23648,11
23649,9
23650,11
23651,7
23652,12
23653,7
23654,7
23655,12
23656,8
23657,6
23658,18
23659,12
23660,9
23661,15
23662,8
23663,10
23664,7
23665,10
23666,6
23667,12
23668,12
23669,19
23670,10
23671,5
23672,12
23673,15
23674,16
23675,10
23676,11
23677,7
23678,9
23679,7
23680,10
23681,13
23682,6
23683,8
23684,8
23685,10
23686,10
23687,8
23688,9
23689,8
23690,10
23691,13
23692,11
23693,13
23694,10
23695,13
23696,9
23697,11
23698,11
23699,7
23700,8
23701,11
23702,8
23703,7
23704,8
23705,10
23706,9
23707,10
23708,7
23709,10
23710,5
23711,10
23712,11
23713,9
23714,9
23715,9
23716,10
23717,13
23718,12
23719,11
23720,8
23721,9
23722,7
23723,11
23724,12
23725,10
23726,11
23727,11
23728,11
23729,14
23730,9
23731,10
23732,8
23733,7
23734,8
23735,13
23736,12
23737,11
23738,11
23739,4
23740,9
23741,7
23742,13
23743,7
23744,6
23745,18
23746,9
23747,11
23748,8
23749,11
23750,7
23751,6
23752,11
23753,10
23754,8
23755,12
23756,9
23757,9
23758,8
23759,11
23760,6
23761,12
23762,8
23763,11
23764,11
23765,6
23766,7
23767,17
23768,10
23769,9
23770,9
23771,10
23772,10
23773,10
23774,9
23775,5
23776,6
23777,9
23778,8
23779,10
23780,15
23781,10
23782,12
23783,14
23784,12
23785,8
23786,8
23787,8
23788,10
23789,8
23790,7
23791,13
23792,8
23793,9
23794,16
23795,10
23796,11
23797,14
23798,11
23799,10
23800,9
23801,8
23802,9
23803,10
23804,11
23805,9
23806,9
23807,10
23808,7
23809,7
23810,5
23811,5
23812,10
23813,9
23814,10
23815,11
23816,9
23817,10
23818,11
23819,9
23820,7
23821,7
23822,4
23823,14
23824,9
23825,8
23826,12
23827,10
23828,7
23829,10
23830,8
23831,8
23832,11
23833,10
23834,11
23835,11
23836,6
23837,10
23838,6
23839,11
23840,12
23841,10
23842,10
23843,6
23844,10
23845,9
23846,11
23847,8
23848,11
23849,10
23850,10
23851,8
23852,10
23853,11
23854,11
23855,10
23856,12
23857,12
23858,11
23859,7
23860,8
23861,8
23862,8
23863,10
23864,7
23865,10
23866,9
23867,11
23868,14
23869,11
23870,10
23871,11
23872,9
23873,13
23874,8
23875,7
23876,6
23877,12
23878,13
23879,9
23880,11
23881,10
23882,7
23883,9
23884,10
23885,10
23886,10
23887,8
23888,10
23889,7
23890,11
23891,18
23892,15
23893,8
23894,7
23895,5
23896,8
23897,8
23898,11
23899,11
23900,10
23901,12
23902,18
23903,13
23904,12
23905,8
23906,11
23907,8
23908,14
23909,11
23910,11
23911,8
23912,13
23913,8
23914,5
23915,10
23916,8
23917,11
23918,14
23919,9
23920,8
23921,9
23922,7
23923,7
23924,9
23925,9
23926,10
23927,10
23928,10
23929,11
23930,10
23931,10
23932,12
23933,6
23934,11
23935,8
23936,13
23937,10
23938,16
23939,10
23940,9
23941,11
23942,12
23943,8
23944,6
23945,9
23946,8
23947,18
23948,9
23949,10
23950,13
23951,11
23952,9
23953,10
23954,10
23955,10
23956,9
23957,11
23958,11
23959,14
23960,9
23961,10
23962,4
23963,10
23964,12
23965,14
23966,10
23967,9
23968,8
23969,11
23970,10
23971,8
23972,12
23973,15
23974,13
23975,10
23976,10
23977,9
23978,10
23979,10
23980,11
23981,13
23982,9
23983,11
23984,11
23985,18
23986,8
23987,7
23988,6
23989,14
23990,12
23991,8
23992,13
23993,10
23994,8
23995,14
23996,5
23997,9
23998,10
23999,10
24000,9
24001,7
24002,9
24003,10
24004,7
24005,7
24006,10
24007,10
24008,7
24009,14
24010,10
24011,11
24012,7
24013,12
24014,13
24015,10
24016,10
24017,13
24018,11
24019,8
24020,12
24021,9
24022,10
24023,9
24024,7
24025,15
24026,9
24027,9
24028,11
24029,9
24030,10
24031,11
24032,10
24033,10
24034,10
24035,9
24036,14
24037,10
24038,11
24039,10
24040,8
24041,10
24042,13
24043,11
24044,4
24045,8
24046,10
24047,11
24048,5
24049,8
24050,11
24051,9
24052,13
24053,8
24054,8
24055,11
24056,7
24057,11
24058,9
24059,7
24060,11
24061,11
24062,11
24063,7
24064,13
24065,11
24066,13
24067,8
24068,8
24069,10
24070,8
24071,7
24072,11
24073,8
24074,7
24075,17
24076,10
24077,5
24078,11
24079,8
24080,12
24081,10
24082,9
24083,10
24084,14
24085,11
24086,6
24087,11
24088,11
24089,8
24090,8
24091,9
24092,12
24093,10
24094,12
24095,6
24096,11
24097,9
24098,9
24099,10
24100,8
24101,11
24102,8
24103,8
24104,5
24105,13
24106,10
24107,9
24108,7
24109,13
24110,6
24111,10
24112,8
24113,11
24114,17
24115,10
24116,13
24117,9
24118,5
24119,9
24120,14
24121,7
24122,9
24123,8
24124,6
24125,10
24126,7
24127,12
24128,12
24129,9
24130,10
24131,16
24132,12
24133,7
24134,11
24135,10
24136,15
24137,8
24138,10
24139,6
24140,11
24141,10
24142,7
24143,10
24144,10
24145,11
24146,12
24147,10
24148,17
24149,9
24150,18
24151,10
24152,9
24153,5
24154,9
24155,10
24156,9
24157,9
24158,9
24159,15
24160,8
24161,9
24162,11
24163,10
24164,9
24165,15
24166,10
24167,10
24168,11
24169,14
24170,4
24171,10
24172,12
24173,7
24174,13
24175,10
24176,7
24177,9
24178,6
24179,6
24180,14
24181,10
24182,9
24183,12
24184,12
24185,10
24186,7
24187,5
24188,11
24189,8
24190,13
24191,13
24192,9
24193,10
24194,8
24195,5
24196,10
24197,10
24198,12
24199,8
24200,9
24201,12
24202,10
24203,9
24204,10
24205,16
24206,12
24207,11
24208,12
24209,12
24210,11
24211,9
24212,8
24213,8
24214,10
24215,7
24216,12
24217,6
24218,11
24219,10
24220,12
24221,14
24222,11
24223,11
24224,11
24225,9
24226,9
24227,15
24228,8
24229,11
24230,7
24231,8
24232,10
24233,14
24234,14
24235,9
24236,18
24237,14
24238,10
24239,11
24240,8
24241,12
24242,12
24243,7
24244,12
24245,11
24246,9
24247,7
24248,11
24249,14
24250,10
24251,16
24252,10
24253,11
24254,7
24255,11
24256,10
24257,10
24258,11
24259,12
24260,13
24261,9
24262,11
24263,8
24264,11
24265,7
24266,11
24267,11
24268,9
24269,17
24270,9
24271,10
24272,9
24273,10
24274,10
24275,5
24276,10
24277,7
24278,8
24279,13
24280,9
24281,8
24282,7
24283,12
24284,8
24285,10
24286,6
24287,10
24288,9
24289,15
24290,8
24291,9
24292,7
24293,11
24294,9
24295,9
24296,10
24297,11
24298,10
24299,10
24300,9
24301,10
24302,10
24303,7
24304,15
24305,11
24306,7
24307,8
24308,11
24309,8
24310,11
24311,11
24312,8
24313,9
24314,5
24315,11
24316,10
24317,9
24318,9
24319,10
24320,10
24321,10
24322,9
24323,8
24324,11
24325,10
24326,10
24327,9
24328,7
24329,8
24330,10
24331,12
24332,6
24333,9
24334,12
24335,13
24336,9
24337,11
24338,7
24339,13
24340,7
24341,13
24342,12
24343,14
24344,12
24345,13
24346,11
24347,9
24348,11
24349,9
24350,10
24351,6
24352,8
24353,8
24354,10
24355,15
24356,8
24357,10
24358,4
24359,11
24360,4
24361,16
24362,9
24363,10
24364,16
24365,7
24366,11
24367,5
24368,11
24369,9
24370,11
24371,10
24372,11
24373,14
24374,8
24375,7
24376,10
24377,17
24378,10
24379,6
24380,10
24381,11
24382,11
24383,11
24384,11
24385,12
24386,12
24387,7
24388,12
24389,10
24390,14
24391,10
24392,10
24393,11
24394,9
24395,11
24396,10
24397,8
24398,5
24399,11
24400,12
24401,6
24402,11
24403,14
24404,9
24405,10
24406,9
24407,13
24408,7
24409,8
24410,11
24411,11
24412,8
24413,9
24414,8
24415,5
24416,15
24417,11
24418,5
24419,10
24420,9
24421,7
24422,10
24423,10
24424,8
24425,9
24426,12
24427,17
24428,11
24429,10
24430,11
24431,8
24432,8
24433,9
24434,9
24435,7
24436,9
24437,9
24438,12
24439,6
24440,8
24441,9
24442,10
24443,10
24444,11
24445,7
24446,13
24447,10
24448,7
24449,9
24450,4
24451,8
24452,5
24453,10
24454,9
24455,6
24456,8
24457,8
24458,10
24459,11
24460,11
24461,11
24462,11
24463,11
24464,17
24465,7
24466,7
24467,10
24468,8
24469,12
24470,9
24471,7
24472,9
24473,11
24474,7
24475,10
24476,10
24477,7
24478,12
24479,8
24480,11
24481,7
24482,7
24483,9
24484,12
24485,15
24486,9
24487,7
24488,6
24489,7
24490,10
24491,11
24492,10
24493,10
24494,8
24495,10
24496,11
24497,11
24498,12
24499,11
24500,10
24501,9
24502,13
24503,10
24504,8
24505,10
24506,10
24507,12
24508,11
24509,11
24510,11
24511,7
24512,12
24513,6
24514,8
24515,11
24516,9
24517,10
24518,5
24519,10
24520,9
24521,7
24522,7
24523,12
24524,5
24525,7
24526,12
24527,8
24528,10
24529,13
24530,10
24531,15
24532,10
24533,15
24534,10
24535,11
24536,10
24537,11
24538,10
24539,10
24540,8
24541,9
24542,9
24543,12
24544,12
24545,8
24546,7
24547,7
24548,9
24549,11
24550,9
24551,9
24552,9
24553,5
24554,11
24555,10
24556,11
24557,20
24558,10
24559,7
24560,5
24561,5
24562,8
24563,6
24564,9
24565,8
24566,13
24567,8
24568,11
24569,4
24570,11
24571,9
24572,11
24573,6
24574,12
24575,10
24576,5
24577,6
24578,15
24579,11
24580,9
24581,7
24582,14
24583,13
24584,6
24585,13
24586,16
24587,11
24588,12
24589,8
24590,7
24591,6
24592,8
24593,7
24594,11
24595,9
24596,9
24597,8
24598,11
24599,13
24600,11
24601,12
24602,10
24603,11
24604,13
24605,6
24606,11
24607,11
24608,11
24609,8
24610,16
24611,7
24612,9
24613,11
24614,10
24615,12
24616,9
24617,9
24618,10
24619,9
24620,10
24621,10
24622,8
24623,8
24624,17
24625,11
24626,10
24627,11
24628,10
24629,10
24630,9
24631,9
24632,9
24633,11
24634,8
24635,16
24636,10
24637,11
24638,9
24639,10
24640,10
24641,10
24642,11
24643,10
24644,10
24645,11
24646,16
24647,14
24648,10
24649,9
24650,10
24651,9
24652,11
24653,7
24654,12
24655,8
24656,9
24657,11
24658,8
24659,5
24660,11
24661,10
24662,9
24663,6
24664,8
24665,6
24666,8
24667,9
24668,10
24669,11
24670,7
24671,8
24672,7
24673,6
24674,6
24675,14
24676,11
24677,10
24678,7
24679,18
24680,10
24681,10
24682,17
24683,11
24684,11
24685,13
24686,10
24687,10
24688,11
24689,11
24690,12
24691,9
24692,8
24693,11
24694,10
24695,9
24696,10
24697,9
24698,6
24699,11
24700,13
24701,11
24702,8
24703,7
24704,10
24705,5
24706,5
24707,8
24708,12
24709,11
24710,8
24711,10
24712,9
24713,10
24714,13
24715,9
24716,9
24717,9
24718,13
24719,15
24720,10
24721,10
24722,10
24723,11
24724,11
24725,11
24726,10
24727,9
24728,11
24729,10
24730,11
24731,11
24732,15
24733,9
24734,10
24735,12
24736,12
24737,10
24738,6
24739,11
24740,13
24741,7
24742,11
24743,10
24744,11
24745,10
24746,6
24747,5
24748,7
24749,9
24750,9
24751,16
24752,8
24753,9
24754,19
24755,11
24756,11
24757,8
24758,11
24759,16
24760,11
24761,12
24762,11
24763,8
24764,8
24765,9
24766,10
24767,10
24768,17
24769,10
24770,10
24771,7
24772,8
24773,11
24774,13
24775,11
24776,12
24777,10
24778,10
24779,9
24780,10
24781,8
24782,7
24783,11
24784,15
24785,6
24786,7
24787,7
24788,10
24789,8
24790,9
24791,11
24792,10
24793,10
24794,7
24795,12
24796,9
24797,9
24798,6
24799,11
24800,10
24801,8
24802,6
24803,8
24804,14
24805,9
24806,11
24807,14
24808,9
24809,7
24810,11
24811,7
24812,5
24813,8
24814,7
24815,9
24816,5
24817,6
24818,9
24819,10
24820,10
24821,12
24822,12
24823,9
24824,11
24825,6
24826,10
24827,17
24828,8
24829,8
24830,9
24831,13
24832,11
24833,10
24834,10
24835,13
24836,13
24837,8
24838,12
24839,10
24840,9
24841,12
24842,10
24843,10
24844,8
24845,9
24846,9
24847,12
24848,9
24849,7
24850,7
24851,8
24852,12
24853,11
24854,6
24855,14
24856,9
24857,11
24858,9
24859,8
24860,10
24861,11
24862,10
24863,6
24864,8
24865,9
24866,9
24867,5
24868,9
24869,12
24870,12
24871,9
24872,11
24873,11
24874,9
24875,8
24876,7
24877,5
24878,11
24879,10
24880,6
24881,9
24882,11
24883,11
24884,11
24885,10
24886,8
24887,9
24888,16
24889,15
24890,10
24891,11
24892,6
24893,10
24894,7
24895,5
24896,12
24897,11
24898,8
24899,10
24900,7
24901,14
24902,15
24903,7
24904,5
24905,13
24906,13
24907,11
24908,5
24909,8
24910,15
24911,7
24912,9
24913,8
24914,10
24915,11
24916,7
24917,17
24918,14
24919,11
24920,11
24921,10
24922,14
24923,9
24924,11
24925,8
24926,11
24927,7
24928,5
24929,8
24930,10
24931,15
24932,10
24933,9
24934,10
24935,10
24936,4
24937,6
24938,9
24939,10
24940,15
24941,10
24942,13
24943,11
24944,9
24945,10
24946,5
24947,10
24948,10
24949,11
24950,11
24951,6
24952,10
24953,12
24954,8
24955,10
24956,15
24957,7
24958,10
24959,11
24960,10
24961,9
24962,5
24963,11
24964,11
24965,5
24966,10
24967,8
24968,10
24969,9
24970,13
24971,11
24972,18
24973,13
24974,11
24975,11
24976,7
24977,9
24978,9
24979,11
24980,12
24981,9
24982,4
24983,9
24984,11
24985,6
24986,7
24987,8
24988,9
24989,10
24990,6
24991,10
24992,7
24993,5
24994,10
24995,5
24996,11
24997,11
24998,10
24999,12
